store,prod cat,cust seg,stat,Apr20,May20,Jun20,Jul20,Aug20,Sep20,Oct20,Nov20,Dec20,Jan21,Feb21,Mar21,Apr21,May21,Jun21,Jul21,Aug21,Sep21,Oct21,Nov21,Dec21,Jan22,Feb22,Mar22,Apr22,May22,Jun22,Jul22,Aug22,Sep22,Oct22,Nov22,Dec22,Jan23,Feb23,Mar23,Apr23,May23,Jun23,Jul23,Aug23,Sep23
central,beer,horeca,amt,78,84.9,114,113,58.6,63.2,104.1,80.9,78.7,66.9,82.3,80.2,62.5,97.2,95.5,80.1,62.3,72.5,94.6,115.5,87.6,104.2,66,69.1,102.9,62,79.5,104.8,101.9,113.3,109.5,88.8,59.7,66.8,56.9,114,78.3,82.5,56.8,119.6,114.8,79
central,beer,hyper,amt,78.9,103.8,57.4,67.4,97.7,57,114.2,94.2,82.7,61.5,115.9,91.3,61.4,77.4,70.8,65.6,63,107.9,104,71.6,104.8,113,89.3,53.3,109.7,83,65.2,86.3,83.6,113.4,56.9,86.2,119.2,107.8,96.5,59.5,58.5,96.2,60,116.2,70.1,70.2
central,beer,online,amt,66.4,103.3,99.9,113.2,82.5,114.9,67.6,67.1,111.2,75.9,108,98.3,92.2,70.8,55.1,104.9,56.9,107,117.7,84.5,90.9,93.7,67.5,56.5,63.3,96.7,88.3,98.3,119.1,87.8,112.5,64.8,109.6,83.7,87.6,79.9,91.3,67.7,82.4,62,91.1,99.3
central,beer,retail,amt,50.9,78.6,64.8,93.9,67.5,86,89.3,51.3,50.7,89.8,112.4,68.8,95.5,85.9,53,103.4,88.2,50.3,56.4,102.7,91.7,60.8,86.6,73.1,97.7,82.3,69.6,91.2,94.4,76.2,51.2,62.7,116.8,116.9,73.4,104.6,74.2,72.5,82.6,88.1,63.4,86.5
central,beer,super,amt,72.7,55.1,69.3,72.2,94.9,55.3,103.5,69.4,97.2,113.7,75,92,94.7,80.3,102.5,71.6,80.7,77.2,86.8,61.1,63.6,111.1,76.9,115.4,101.1,51.8,80.1,80.3,57,107,70,58.1,66.2,81.8,108.9,119.2,104.8,96,93.1,96,78.2,93.4
central,coffee,horeca,amt,51.6,64.2,117.1,108.1,88.3,92.6,64.9,111.8,90.8,93.2,57.8,62.9,73.7,73.3,80,93.8,113.3,99.7,85.1,63.8,97.9,118.3,100.5,99.1,90.8,92.6,112.5,55.4,107.9,104.6,79.2,95.2,114.9,115.7,101.9,65.7,83.4,115.7,78.4,95.8,50.8,75.6
central,coffee,hyper,amt,95.8,118.7,94.6,112.8,57.3,90.4,92,85.2,104.7,82.5,72.4,106.5,81,112.6,51.2,51,100.5,92.4,107.2,59.2,109,53.8,86.4,58.5,51.5,81.2,99.3,75.5,94.5,96.9,54.5,69.2,98.7,61.8,77.3,56.3,87.5,75.9,62.5,57.4,64.4,61.5
central,coffee,online,amt,78.3,58.1,52.4,70.5,69.8,103,103.1,81.8,103,107.2,74.2,70.1,77.5,65.6,93.3,91.4,66.7,74.7,88.9,113.9,64.2,84.5,70.4,52.2,59.6,91.1,104.3,76.3,105.1,103.9,87,77.5,110.5,59,75,103.6,68.3,73.4,97,58,88.7,55.5
central,coffee,retail,amt,57.3,110,102.7,111.2,70.2,101.1,98.6,89,68.1,73.8,68.1,78.7,109,77.4,62.1,57.4,72.8,74.3,65.6,95.2,67.2,99,113.6,104.3,52.6,66.7,97.6,102.3,93.1,82.3,100.7,101.4,96.2,95.8,77.2,107,77.4,59.2,80.4,50.4,112.6,57.8
central,coffee,super,amt,114,54.9,73.7,107.2,93.6,109.2,102.2,77.9,82.8,110,110.1,73.4,55.6,102.1,76.4,87,88.4,79.2,97.4,91.7,68.9,56.1,67.4,94.8,76.1,66.3,71.3,105.7,70,111.2,50.1,103.5,99.7,56.8,83,66.2,71.3,102.2,105.5,74.5,99.6,80.5
central,milk,horeca,amt,108.5,63.5,76.7,111.7,111.3,100.1,59.6,102,54.1,52.9,90.9,61.7,93.7,106.2,117.7,92.8,55,92.9,69.8,118.3,118.9,93.2,84.6,109.5,92.3,56.8,112.2,99.8,107.8,108,105.2,91.3,93.3,62.7,86.7,61.3,82.6,96.1,106,83.9,103.9,85.5
central,milk,hyper,amt,93.9,74.4,91.6,101.5,57.4,94.4,119.1,68.6,71.9,72.8,59.5,76.2,96.6,83.3,98.3,113.9,113.1,89.6,113.9,52.6,95.6,109.3,96.2,61.5,96,100.4,52.1,100,83.9,101.3,57.9,88.2,112.9,106.1,59.8,110.9,52.1,69.7,55.3,100.1,67.4,101.2
central,milk,online,amt,115.3,86.3,59.6,76.8,114.9,55.4,109.6,93.9,97.8,61.9,116,100.5,117.7,79.3,108.8,119.4,78.1,83.2,77.3,80.6,109.3,84.8,114.5,92.1,84.3,110.7,68.4,96.3,81.1,55.2,66.6,103.1,82,91.6,108.9,62.6,88.4,104.5,55.4,114,102.3,112.3
central,milk,retail,amt,63.1,103,77.5,71.4,85.2,77.8,56.9,63.9,92,60.1,91.2,113.7,110.6,58.5,99,71,67.9,98.2,70,112.1,52.9,118.9,76,103.2,75.5,102.8,74,79,115.7,115.3,73.7,76.6,97.1,71.9,95.7,78.9,100.1,114.7,88.3,66.9,72.8,103.3
central,milk,super,amt,54.3,84.4,79.7,100.7,118.4,107.6,52.7,97.2,108.8,94.3,93.1,111.7,75.9,89.5,67.9,70.7,102.9,117.3,105.8,63.4,54.4,68.6,52.7,117.2,112.9,79.3,54.4,87.1,85.6,109.2,57.1,96.7,93.4,89.9,98.6,109.7,66.2,77.8,88.2,101.9,79.7,77.4
central,soda,horeca,amt,78.5,73.1,100.9,119.7,79.7,114.8,109.3,95.5,89.7,112.9,89.7,72.4,111.7,73.7,71.8,78.1,80.4,101,77.3,101.6,112.2,99.3,88.8,113.1,70.6,60.9,93.9,103.9,79.5,110.8,119.4,83,50.2,105.9,68.9,74.2,65.5,112.8,104.2,113.2,50.1,93.8
central,soda,hyper,amt,60.5,113.3,106.3,108.5,51.7,74.7,95.4,84.4,102.9,72.6,102.4,66.8,60.5,111.5,74.5,55.7,68.8,54.2,54.4,63,53,64.8,106.3,75.1,106.6,52.4,99.3,64.1,74.7,81,55.2,51.1,59.7,118.9,86.5,82.3,71.4,85.1,112.6,83.3,91.5,66.4
central,soda,online,amt,53.1,77.7,101.9,90.3,61.3,99.5,91.4,114.5,55.5,55.5,75.2,84.1,60.4,114.3,79.4,67.6,72.5,110.1,103.3,117.5,102.1,116.9,94.1,69.1,94.1,69.3,52.4,106.8,79.4,51.4,118.7,65.7,79.7,112.5,95.5,56.3,87.9,105.9,59.5,118.8,90.7,60.1
central,soda,retail,amt,114,55.2,109.1,88.8,66.5,97.4,105.6,83.8,56.2,108.5,67.9,94.9,106.7,116,87.7,58.2,91.6,65,51.8,113.7,108,80.6,65.6,77.9,105.2,110.3,108,58.3,79.1,58.3,71.9,66.7,77.2,83.5,110.4,94.4,102.1,116.1,58,84.6,100.3,110
central,soda,super,amt,86.2,118.4,109.1,109.5,97.8,105.1,103.3,113.8,53.1,102.7,99.8,90.5,97.8,67.1,95.4,83.7,106.9,95.3,53.2,76.7,56.2,63.6,116.1,55.5,72.1,79.8,79.5,101.3,85.4,81.7,76.8,108.3,79.9,117.5,67.3,65.2,119.3,67.9,50.2,62.6,75.5,67.7
central,tea,horeca,amt,119.4,113.8,102,69.4,114.2,103,78.1,97.7,101.1,58,67.3,106.4,112.7,68.7,52.5,114.6,65.9,68.4,102.9,68.5,102.4,83.3,52.1,75.6,52.2,94.5,87.9,52.5,89.6,104,109.9,95.4,53.4,86.7,105.7,55.1,59,83.9,99.8,56.1,95.4,116.8
central,tea,hyper,amt,114.2,80.6,84.4,79.8,73.3,117.4,51.2,108.1,65.3,58.6,81.2,115,94.5,53.6,54.7,90.4,73.4,83.7,62.9,113.4,102.5,88.7,62.1,72.7,64.9,81.8,107.7,72.7,58.8,82.7,75.1,93.1,50.5,119.5,65.6,110.8,73.4,71.8,56.7,110.1,119.1,85.2
central,tea,online,amt,50.2,106.2,91.2,89.6,92,72.1,99.6,104,110.9,108.7,104.9,70.4,98.2,93.5,110.7,66.3,114.3,92.7,51,110.5,66.4,118.5,101,97,78.8,91.1,76.4,76.1,91.5,73,74.4,76.4,75.2,71.3,82.5,109.2,109.7,113.6,50,79.9,74.4,50.8
central,tea,retail,amt,85.9,68.4,81.9,54,94.8,111.5,58.7,51,71.5,58,88.8,96.1,99.4,93.5,74.5,86.4,64.1,76,99,78.8,61.6,116,54,74.4,101.4,118.4,80.5,71,56,102.3,107.1,55.6,114.9,70.5,91.5,78.2,105.6,77.5,85.1,113.3,81.7,64.6
central,tea,super,amt,70,101.3,70.6,54.2,77.7,54.9,96.5,112.2,81.2,114.8,90.1,71.3,100.2,105.6,72.9,82.8,81,91.3,54.8,84.3,55.5,72.5,92.5,66.1,77.8,84.1,74.3,65.1,99.8,51.3,70.5,56.3,71.6,97.2,69.8,82.9,85.2,72.4,53.6,111.3,55.4,78.4
central,water,horeca,amt,106.8,113.4,74.7,83.5,84,110.5,96.1,63.5,55.3,116.8,99.5,94.2,117.6,101.1,89.5,72.7,99.8,83.8,59.4,86.7,115.2,104.9,61.5,78.2,51,113.1,91.2,103.5,106.7,113,67.7,97.5,95.5,110.4,70.4,52.1,83.6,61.8,90.8,110,68.6,76.8
central,water,hyper,amt,84.7,95.9,61.9,115.6,106.8,100.2,73.2,66.1,90.5,107.1,107.9,59.2,85.7,97.3,64.7,80.1,61.2,50.9,113.6,78.3,118.9,77.2,82.9,118.8,86.4,63.2,56.6,108.7,111.7,67.7,66.9,112.8,80.2,107.4,105.1,109.4,87.5,55.6,113.7,110.9,77.4,118.7
central,water,online,amt,69.8,62.4,92.9,119.1,107.4,63.4,102.6,68.9,76.2,116.7,76.5,66.3,111,61.5,84.4,82.7,55.1,89.2,78.5,98.7,109.7,72.2,116.4,68.3,115.4,114.8,95.1,107.9,103.2,111.7,71.5,56,78.2,106.9,100.5,53.1,80.8,96.5,82.3,70.4,58.4,117.9
central,water,retail,amt,69.9,101.8,109.9,115.4,117.5,62.5,107.6,111.2,100.9,113,100.9,84.8,95.3,73.2,73.1,55.3,56.4,64.7,88.2,50.4,108.2,69.5,87.3,61.5,84.8,113,113.9,108.6,54.3,60.8,54.4,95.3,56.5,78.1,117.9,102,85,52.2,70.4,72.2,108.1,74.6
central,water,super,amt,77.7,78.7,91.9,92.3,63,67.8,83.4,73.8,105.5,78.9,91.3,82.2,115.7,91.5,57,114.5,62.5,73.5,63.1,98.8,110.7,119.6,58.7,87.9,104.3,107.3,60,108.3,102.7,61.9,52.6,108.2,104.1,91.7,109.7,76,80.9,114.6,75.8,113.5,59.8,56.3
coastal,beer,horeca,amt,54.2,109.1,92.9,112.4,71.6,99.3,103.2,74.8,115.8,73.8,73.6,68.6,102.4,64.6,118.4,72,100.9,51.4,87.8,69.7,58.8,95.9,87.8,51.4,88.3,51.8,65.6,75.4,113.4,85.7,66.2,115.2,67.1,63.3,118.2,119.8,116.4,95.5,108.1,106.4,63.9,97
coastal,beer,hyper,amt,87.6,83.3,80.5,101.6,55.6,96.5,68.7,73.5,76.1,115.4,67.6,90.9,78.2,118.1,108,76.8,67,50.2,102.1,66.2,65.7,82.5,117,88,50.9,67.5,71.9,96.7,54.8,117.7,113.6,60.2,103.7,72.6,75.6,99.7,101.7,51.4,82.2,89.8,117.5,72.1
coastal,beer,online,amt,93.4,88.7,117.3,87.9,81,108.1,114.4,107.9,63.4,113.5,56.7,74.1,71.3,73.9,63.5,104.7,94.7,92.3,119,79.1,70.6,60.9,87.3,113,63.7,57.9,85.2,77.4,102.8,50,60.7,92.9,73.4,119.8,95.1,80.5,116.8,51.9,55.3,83.2,81.5,102.9
coastal,beer,retail,amt,51.9,102,65.4,110.3,69.2,80.7,69.1,65,87.1,90.2,57.7,101.3,55.1,54.3,83.4,61,62.6,87.5,80.8,95.4,109.8,104.3,66.9,74.5,94.1,99.5,117.3,57,116.7,101.9,89.1,112.2,98.1,70.1,119.4,71.9,66,79.1,50.6,57.5,106.6,87.8
coastal,beer,super,amt,85.5,73.2,70.5,64.5,76.9,97.1,85.3,77.9,100.2,51.1,92.9,67.4,72.8,119.5,88.3,108.2,57.3,100.6,97.8,112.4,76.9,119,87,58,74.1,103,94.9,77.2,56.9,50.3,65.1,86.3,91,65.9,102.8,76.9,68.2,102.3,64.7,92.2,103,70.7
coastal,coffee,horeca,amt,113.5,98.8,72.9,73.4,70.4,68.5,56.2,62.1,101.8,116.6,118.4,77.2,57.2,76.9,64.9,106.7,97.4,106.4,107.2,77.1,53.1,77.5,87.9,93.6,119,65.2,91.2,95.6,114.6,73.6,104.4,69.2,105.5,105.8,116.2,109.6,96.6,78.5,99.7,86.7,75.5,101.9
coastal,coffee,hyper,amt,108.3,55.8,74.6,107.4,117.1,104,91.5,68.6,50,64.3,90.8,50.4,58.2,111.4,79.7,50,53.2,106.1,81.2,50.1,55.4,63.6,101.9,110.4,67.3,63.3,88.6,60.5,101.7,58.8,101,55.9,102.6,65.8,98.4,58.4,58,106.5,56.6,72.9,75.3,90.4
coastal,coffee,online,amt,100.1,90.1,77.5,113.4,112.9,109.9,70.8,82.5,88.1,54.8,56.2,73.1,80.6,118,108.1,70.2,82.2,73.6,95.3,101.8,53.3,117.3,72.4,79.3,51.6,114.7,63.3,72.6,93.7,51.1,71.5,116.6,87,92.6,65.1,102.1,103.4,65.4,52.3,114,81.1,79.4
coastal,coffee,retail,amt,66.3,80.6,57.3,98.8,115.3,117,56.3,88.3,82.8,72.6,76.7,93.2,66.7,50.6,77.3,114,113.2,85.2,62.4,66.3,55.1,55.9,112.8,87.9,66,73,84.1,57.3,109.7,104.3,58,108.1,68.2,53.4,108.9,92.5,118.3,92.7,94,69.4,75,99.1
coastal,coffee,super,amt,77.5,54.3,76.2,65,75.5,97.5,106.9,72,106.4,61.9,66.6,94.7,71.4,91.3,113.5,80,60.5,77,111.1,91.4,96.1,85.3,85.6,96.9,69.5,88,65.9,98.4,63.7,72,52.5,65.4,77.2,95.6,74,71.6,68.3,57.8,116.8,118.6,88.9,95.6
coastal,milk,horeca,amt,67.8,79.9,67.7,73.7,66.9,59.5,117.4,52.1,88.2,82.6,52.9,107.6,52.3,67.8,115.4,100,77.1,93,54.1,118,55,93.6,93.6,60,116.1,85.9,52,119.8,54.9,103,75.3,76.4,101.8,79.2,81.7,62.9,67.8,84.3,66.1,103,55.4,59.6
coastal,milk,hyper,amt,89.7,84.7,114,68.4,112.1,57.1,110.8,92.5,117.8,84.1,70.2,73,64.3,93.2,79.8,91.1,50.7,119.7,96,68,117.4,63,84,59.5,75.8,111.5,94.1,110.5,107.2,92.3,101.3,98.8,88.9,75.7,76.9,50.6,90,119.7,103,84.1,101.1,96.2
coastal,milk,online,amt,65.4,51,53.7,117.7,57.1,68.7,105.7,87.4,96,61.5,106.4,66.7,79.5,82.2,63.2,78.3,113.6,118.5,108.5,94.4,88.4,66.4,89.9,110.2,79.9,90.7,58,59.8,104.1,93.1,110.9,79.6,104,63.8,111.9,60.4,66.6,94.9,79.2,60.5,87.2,59.8
coastal,milk,retail,amt,52.6,82.3,82.3,53.7,91.1,84,71.2,65.2,88.6,53.5,79.4,75.7,84.3,97.1,72.8,109,84.1,102.6,115.5,62,107.1,101.6,95.3,100.4,78.7,72,81.3,67.3,50.1,102.8,95.5,113.4,84.3,119.9,60.7,95.5,113.9,107.3,113.4,76.2,115.5,58.8
coastal,milk,super,amt,86.1,57.9,65.3,111.2,81.5,53.2,79.8,67.7,96.8,88.3,87,56.5,63.2,76.8,76.6,63.7,83,53.7,111.9,95.6,117.4,67.5,59,85.9,80.2,93.1,50.5,97.6,106.3,50.4,91.8,70.4,116.2,106.8,102,115.5,100.4,82.4,106.6,73.6,97.7,72.5
coastal,soda,horeca,amt,56.5,54,51.9,97.3,73.5,76.7,111.1,114,109.4,55.4,79.1,81.5,75.4,117.2,72.4,77.5,115.8,66.8,100.6,86,113.4,107.5,54.7,57.5,110.9,116.4,109,105,90.1,102.6,54.7,108.4,52.9,107.3,109.1,61.1,79.6,75.6,108.6,96.4,55.1,75.4
coastal,soda,hyper,amt,110.1,87.4,89.5,55.9,63.6,80.7,82.7,58.3,117.2,64.9,58,61.4,66,80.2,102.9,89.3,66.5,118.5,57.6,102.4,57,115.6,101,51.8,89,99.1,75,51.6,104.5,59.6,63.1,52.6,76.2,97.6,113.2,112.4,58.5,85,102.2,85,64.1,85.9
coastal,soda,online,amt,88,83,63.9,83.2,60.1,75.6,82,90.9,116.9,65.7,97.4,99.2,108.4,82.4,85.8,80.4,52.4,91.9,85.3,90.2,65.7,69.1,72.9,77.4,113.5,107.7,107.7,54.3,53.8,78.8,119.4,107.8,106.6,116,109.3,90.9,117.8,64.8,91.1,88.5,67.4,85.6
coastal,soda,retail,amt,94.3,51.8,102.7,64.6,72.5,96.3,106.4,52,60.2,75.9,100.5,117.6,80.9,50.5,107.7,52.4,64.4,76,88.9,56.2,110.3,83,84.9,81.5,60.1,88.3,55.1,51.3,96.5,101.1,67.9,119.7,99.6,70.3,104.4,104.5,54.2,109.7,106.8,68.1,73.1,118.6
coastal,soda,super,amt,53.1,79.3,102.8,99,113,61.4,50.8,90,53.3,54.5,63.9,119.1,96.4,55.1,117.8,119.2,66.6,59.9,98.9,66.1,100.4,93.5,56.3,97.3,83.4,94.7,89,77.3,64.6,83.8,75.4,73.4,103.9,54.2,75.5,83.4,108.1,96.6,96.2,81.7,92.6,65.1
coastal,tea,horeca,amt,59.1,75.1,108.3,60.3,66.9,66.6,102.3,64.4,84.4,65.3,101.9,90.5,54.6,90,76.3,102.8,80,70.3,86.8,96.6,70.8,70.6,96.7,114.5,54.5,52.1,70.2,60.6,103.1,94.3,113,96,87.3,115.8,71.6,103,95.3,71.4,74.3,116.2,107.3,63.2
coastal,tea,hyper,amt,84.6,85.6,118.1,110.3,118.1,62,99.2,81.6,58.7,50.1,78.7,65.3,100.7,108.3,115.5,117.2,101.5,108.8,90.4,51.2,97.9,91.7,119.1,69.2,111,87.1,113.5,99.4,84,89.8,80.3,56.2,95.1,72.8,102.7,81.1,103.4,111.2,61.7,81.1,60.8,94.6
coastal,tea,online,amt,63.9,92.5,105.4,65,113.7,103.4,73,82.3,77.7,63.8,111.4,52.4,52.8,103.5,74.3,51.9,110.9,101.1,86.7,62.5,85.7,92.9,84,69.6,55.9,88.4,110.8,117.7,64.5,51.7,94.2,102.5,81.4,91.4,89.7,53.8,111,63.3,95.8,59.1,51.9,71.4
coastal,tea,retail,amt,75.5,85.5,80.7,98.1,79.9,66.5,70.7,97.8,71.4,113.2,97,104.6,109.1,90.6,117.8,108.4,78.2,95.7,109.7,50.9,51.7,81.5,101.8,66,79.3,71.3,58.9,75,75.5,87.9,59.1,97.5,101.9,93.2,62.3,82.4,115.1,94.2,59.9,70.3,98,105.4
coastal,tea,super,amt,74.7,118.2,111.7,112.5,105.2,105.8,97.9,114.1,63.5,113.7,67.5,117.6,70.7,54.3,96.2,96.7,56.5,112.3,50.2,54.3,65.4,117,119.5,109.9,106.1,87.5,104.5,82.5,59,109.2,95.2,94.8,112.9,98.8,75.4,61.5,51.5,63.7,55.5,76.4,93.5,88.4
coastal,water,horeca,amt,52.4,74.1,71.8,59.2,107.5,83.2,89.5,94,99.4,111.1,111.6,81.1,105.7,88.2,98.2,109.1,103.5,87.1,92.7,88.4,56.3,100.5,63.6,119.9,114.9,96.8,53.1,72.5,113.8,50.3,77.9,55.2,76,114.7,61.3,116.5,118.3,64.3,104.2,57.3,110.4,84.7
coastal,water,hyper,amt,61.4,102,110.8,64.4,71.3,66.7,99.8,85.3,93,85.4,114.4,57.1,57.5,61.6,75.9,69.4,93,114.7,60.3,100,93.5,97.1,83.8,61.6,118.4,105.6,117.2,102.1,104.1,54.9,108.7,58,88.8,99.9,90.9,92.7,77.4,77.1,76.2,106.9,55.2,109.3
coastal,water,online,amt,90,59.6,91.1,103.7,62.3,68.3,115.8,113.3,110.8,58.4,111.1,91.4,57.1,50.7,70.9,69,85.1,114.4,93.1,85.1,102.9,108,90.4,54.5,78.5,75.1,67.3,89.4,115.1,82.4,106.5,70.5,55.3,114.6,52.8,64.5,100.2,106.2,118.8,54.4,50,67.5
coastal,water,retail,amt,79,91.5,71.9,74.7,113.1,51.8,55.8,119,53.4,102.6,98.7,81.6,64.2,91.4,53.5,96.3,90.4,113.1,74.9,50.1,56.3,82.7,114,67.9,111.9,66.2,65,85.7,94.4,113.3,116.5,101.9,104.4,86,106.7,88.8,71.3,107.8,68.1,116.6,78.8,117.1
coastal,water,super,amt,60.1,75.5,69.3,53.6,92.1,100.4,117.4,76.8,80.7,115.6,65.2,50.3,69.3,96.4,94.6,74.7,76.4,81.4,106.1,60.4,114.9,113.2,51.8,69.5,115.5,53.1,66.4,94.4,103.6,86.6,59.7,55.8,116.8,79.7,75.9,67.1,57.9,92,58.1,83.6,112.5,75.2
north,beer,horeca,amt,113.7,117.1,91,107.2,77.4,80.1,114.5,111.4,69.9,98.9,72.1,62.8,99.2,86.9,97.1,73.9,115,91.4,92.9,117.4,116,70.1,86.8,56,99.6,60.8,115.9,105.3,86.6,58.5,119.8,89.5,55.3,117.8,69.9,106.6,53.1,62.9,79.4,65.9,57.5,63.4
north,beer,hyper,amt,115.7,68.5,105.5,85.7,85.7,112,86,78.1,53.7,59.9,81,76.4,113.2,97.3,55.5,81.5,75.2,66.1,84.6,59.5,104.3,94.7,52.9,65.4,52.7,61.1,97.6,57.4,52.9,108.1,97.3,77.9,90.5,76.2,79.4,75.5,113.8,80.7,94.2,106.4,99.7,107.8
north,beer,online,amt,78,114.7,72.9,50.4,100.6,98.6,105.5,78.2,68.7,93.3,103.9,61.5,52.2,84.8,66.9,116.2,86.3,71.3,103.8,97.5,56.8,82.8,62.2,101.6,105.4,51.4,113.1,69.6,109.1,96.4,66.9,107.3,78.7,110.6,110,82.3,54.4,67.5,89.1,119.7,93.1,58.3
north,beer,retail,amt,89.3,79.9,67.3,72.9,111.4,74.7,110.8,92.2,67.5,113.3,58.9,84,89.1,78.7,75.9,97.2,118,80,118.9,63.4,71.3,73.5,55,89.8,109.6,50.6,109.4,90.9,105.1,102.9,58.3,87.9,79.4,80.4,115.9,70.8,98,52.1,74.8,91.4,52.8,91.6
north,beer,super,amt,75.8,90.1,58.7,57,75.9,106.7,63.9,62.1,57.4,64.9,98.5,98.4,89,63.6,109,75.8,106.7,108,71.8,80.5,83.7,92.3,71.5,115.9,95.7,53.2,61.7,66.3,102.1,82.3,78.5,53.2,60.9,63.7,99.5,97.4,52.3,96.3,99.2,119.1,67,108.6
north,coffee,horeca,amt,109,107.1,85.2,59.5,99.6,56.5,86.3,53.6,91,119.5,71.2,114.4,82.4,102.9,89.2,106,72.5,68.3,89,111.4,54.2,67.2,65.1,94.6,116.6,106.9,109.7,50.8,112.4,111.5,91.9,106.4,57.1,102,100.5,97.3,117.3,101.3,71.6,114.6,114.9,68.4
north,coffee,hyper,amt,71.1,89.8,83.6,111.2,112.1,57.8,56.8,107.6,53.7,98.8,117.5,56.1,86.4,71.3,95.3,57,119,92,71.7,83.3,61.9,78.9,98.5,119.9,112.2,97.6,82.1,76,69.2,56.2,84.5,111.5,66.2,74.3,50.9,65.4,62.8,115.4,76.4,89.4,67.4,75.6
north,coffee,online,amt,70.3,89.5,81.4,62.1,56.9,85.5,67.6,106.8,119.8,58.2,67.2,100.3,107.6,110.9,105.5,64.4,72.6,67.2,118.1,56.9,101.3,76.2,65.7,64.3,74.3,113.4,73.6,72.9,97.7,78.6,100.5,93.6,102.8,100.1,82.1,84.1,67.8,93.5,71.8,65.8,66.6,118.3
north,coffee,retail,amt,102.2,77.4,116.6,117.4,93.1,79.2,62.9,67.3,112.9,100.1,77.5,51.4,118,77.1,114.8,67.5,92.6,67.4,50.4,55.2,51.4,68.8,70.4,96.3,90.8,91.8,67,101.6,97.6,58,115.6,115.1,51.4,116.8,118.6,51.5,94.9,112,78.3,77,95.2,71.7
north,coffee,super,amt,50.3,115.8,59.2,73.9,75.5,118.2,51.6,69.6,89.9,75.5,97.8,91.4,97.8,97.8,111.2,103.8,59.6,85.5,62.1,51.9,52.8,107.7,51.6,112.1,70.9,109.7,82.3,101,106,87.5,83,84.5,111.3,119.8,53.7,111.9,113.5,50.8,64.4,81.3,117.2,84.5
north,milk,horeca,amt,119.5,65,79.8,89.2,119.5,108.6,85.3,111.1,112,74.1,52.1,109.1,98.7,51,90.3,82.6,80.1,118.5,93.9,67.8,94.9,60.2,60,96.6,88.7,70.4,88.6,100.3,112.7,113.1,66.1,77.6,87.8,63.6,117.6,100.3,68.6,66,95.8,90.8,105.4,71
north,milk,hyper,amt,59.5,75.5,63.7,90.8,77.7,52.2,69,70,95.5,59,56.1,51.1,114.9,98.3,97.2,73,113.7,53,113.6,74.3,76,91.1,115.1,53.8,99.6,113.8,109.4,85.6,103,64.3,113.5,105.9,52.8,90.6,84.2,68.3,119.3,89.9,50,67.9,53,85
north,milk,online,amt,114.1,119.7,81.9,72.9,68.1,60.6,73.1,103.2,76.5,95,116.7,58.6,94.8,72.7,74.5,117.9,101.3,103.6,107.3,53.6,50.7,50.7,52.8,59.9,77.9,60.2,74.2,63.9,73.5,111.3,91.7,61.6,113.5,75.8,110.4,110.7,71.2,106.4,66.4,86.9,82.9,67.3
north,milk,retail,amt,92.2,81.6,70.8,102.9,114.3,105.6,62.7,50.2,83.5,107.7,110.1,118,54.3,55.2,63.6,70.8,70.8,65.1,54.2,70.3,93.6,65.5,101.2,118.2,58.1,100.9,107.3,103.8,55.9,78.9,115.9,94.7,89.7,112.3,94.3,83.8,114.7,80.2,64.5,111,100.8,60.5
north,milk,super,amt,52,90,102.8,107.9,117.4,90.8,60.9,107.8,81.5,72.5,116.4,57.5,81.2,114.6,82.7,57.5,116.9,95.9,72,90.8,59.6,103.2,114.8,86.6,54.7,59.4,100.2,97.6,75.1,76,67.1,102.6,79.2,78.9,70.5,52.6,65.4,70.6,73.7,100.9,65,74.9
north,soda,horeca,amt,58.9,69.4,80,117.4,73.9,56.3,91,113,117.6,76.3,96.5,100.9,68.8,95,92.6,85.5,106.3,77.4,77.3,85.9,82.7,94.4,101.2,54.6,72.1,93.2,112.6,66.1,95.2,73.5,56.1,54.4,100.2,106.8,82.1,55.8,76.8,105,118.4,103.4,78.9,111.2
north,soda,hyper,amt,87.6,104.2,97.6,92.8,88.1,97.3,69.7,69.2,75.6,55,99,63.3,100.1,114.5,77.4,91.1,106.4,114.9,108.2,80.5,109,77.4,103.4,102.6,70.4,87.4,112,83.4,71.7,68.8,52.4,72.9,63.8,98.5,119.7,90.9,84.4,76.2,116.4,107.5,50.2,56.2
north,soda,online,amt,107.7,115.1,108.7,84.7,95.5,89.6,61.2,96.3,65.4,80.6,53.3,65.4,79,53,89.4,92.2,112.1,82.4,83.9,87,98.5,118.6,102.9,104.8,73.1,98.9,91.2,59.5,106.5,53.8,113.4,67.1,85.5,53.5,56.2,104.9,109.7,71,67.6,80.4,106,60.3
north,soda,retail,amt,105.5,108.2,117.2,84,87.4,104,118.9,62.6,109.4,84.6,72.8,109.4,51.9,81.4,78.5,57.8,54.7,68.7,89.4,90.1,118.2,86.6,88.1,76.5,66.1,93.6,105.1,65.2,119.6,84.5,51.8,99.9,77.9,51.5,92.7,60.8,59.1,59,110,82.5,69.1,95
north,soda,super,amt,93.9,77.9,110.1,59.1,108,89.7,53.5,54.4,87.5,111.1,86.3,52.1,79,84.3,91.8,100,64.3,87.7,68,72.3,81.8,77.9,87.1,95.7,52.1,77.2,51.4,107.4,114.6,82.9,65.5,106.5,74.4,66.1,57.5,51.2,67.1,62,68.2,95.4,95,65.1
north,tea,horeca,amt,86,116.1,78.4,72.1,90.7,83.7,74,91.7,50.1,106.5,56.8,53,105.3,113.5,118.1,99.7,92.6,82.4,78.9,73.6,57,98.2,103.5,92.2,115.3,89.3,56.2,88.4,83.3,77.7,55.3,59.1,55.4,118.2,81.7,96.5,109.8,53.6,63.4,93.4,79.1,52.6
north,tea,hyper,amt,63.7,115.5,100.1,53,92.2,119.4,51.5,76.8,116.1,92.2,77,90.7,114.6,118.1,92,89.9,91.4,93.5,61.2,50,63.1,73.7,91.1,107.2,83.2,94.6,99.6,99,62.8,110.7,83.9,111,79.3,54.9,97.1,119.9,99.1,75.3,83.1,58.4,87.4,76.2
north,tea,online,amt,92.4,56.6,62.4,109.1,73.3,73.9,104.5,118.2,99.4,99.6,73.4,80.7,106.1,61,114.5,50.3,63.9,55.1,101,118.7,57.4,55.4,119.7,55.9,82.5,80.9,101.5,65.6,73.5,81.8,60.6,81,72.4,106.5,59.1,79.6,103.6,101.6,89,60.3,76.3,106.9
north,tea,retail,amt,59.7,82.5,59.2,117.1,59.3,80.5,101.7,101.3,116.1,88,90.2,68.8,115.4,81.9,57,53.9,98,50,97.2,79.4,107.2,91.5,107.4,106.1,67.6,105.3,97.9,53.6,97.4,59.9,80.7,79.1,100.8,57.8,110.4,72.6,59.6,51.4,101.1,73.1,51.4,106.5
north,tea,super,amt,68.4,117.6,111.6,107.7,111.5,67.5,96.3,60,50,74.5,57.1,56.7,82.7,118.6,107.1,69.1,97.6,65,111.5,118.7,69.6,52.9,51.4,96,97.4,72.4,93.5,118.8,106.2,71.7,82.8,64.5,89.8,50.4,90.1,51.5,91.9,116.5,84.4,118.6,59.9,74.8
north,water,horeca,amt,59.1,67.6,62,88.8,65.2,94.2,117.3,74.6,91.1,97.5,89.4,59.5,66.6,89.8,92,109.8,60.4,74.1,63.7,64.6,85.7,62.6,83.5,99.7,116.9,67,104.2,75,81.7,104.8,59,111,63,95.6,76.6,52.6,68.1,83.8,94.8,50.1,68.1,107.5
north,water,hyper,amt,114.1,117.4,87.4,68.6,85.8,93,57.3,117.8,87.1,115.6,66.1,90.3,107.6,97.5,72.2,90,115.1,52.8,58.7,98,71.6,117.6,80,61.2,95.7,68.5,117.4,100.8,96.7,57,68.6,63.3,113.4,94.4,97.6,97.4,94,107.1,91.4,100.3,112.2,63
north,water,online,amt,59.3,59.7,54.5,119.5,65.9,59.1,76.1,54.2,61.1,92.1,54.7,101.9,70.4,52.3,118.4,109,73.2,116.7,80.6,92.5,88.9,50.6,102.9,55.3,58.3,56.5,100.9,79.8,95.3,71.2,84,117,94.4,89.3,94.2,79.9,50.2,77.1,50.7,64.5,50.9,62.7
north,water,retail,amt,57,101.4,81.4,108.6,67.6,84.4,75.6,70.5,62.9,50.3,82.2,62.4,76.7,118.8,76.8,100.2,83.7,108.6,93.3,81.5,104.7,89.4,110,113.5,64.7,83.9,77,81.2,91.5,111.2,62.1,91.9,75,105.8,64.8,107.9,72.4,110.3,94.2,91.5,57.2,50.7
north,water,super,amt,83.9,84.4,104.1,110.7,86.5,74.9,95.9,72.7,58.2,67,77.1,63.8,58.8,85.5,52.2,108,53.6,103.4,100,80.3,109.9,54.7,54.2,100.6,86.4,77.5,108.4,69,105.7,107.9,104.1,52,99.2,85.9,109.6,83.8,116,88,68.6,52.8,104.5,60.2
offshore,beer,horeca,amt,104.1,51.6,67.4,79.9,75.4,63.8,88.2,87.3,99.2,104.4,110.5,98.4,89.3,59.5,55.3,90.6,119.5,87.9,113.9,106.5,95,62.1,74.6,58.8,60.4,75.3,74.4,88.1,62,103.4,80.3,60.7,115.8,107.6,79.8,112.7,112,72.2,110.7,63.8,61.1,55.4
offshore,beer,hyper,amt,92.4,83.8,112,82.1,50,66.4,105.4,95.6,115.1,116.8,81.2,106.6,119.1,105.2,79.7,119.9,103.3,116.2,109,101.6,106.8,116.3,66.1,94.6,92.1,65.2,78.9,95.2,66.4,58.2,56.4,99.2,59.2,58.3,94.8,96.6,66.2,74.9,82.2,113,94.4,68.5
offshore,beer,online,amt,64.4,103.1,60.3,90.4,69,114.6,82.9,69.9,98.8,88.7,87.6,85,56.8,92.8,110.7,99.7,115.7,89.4,96,102.6,98.7,76.4,64.1,83.7,70.2,108.4,107.6,98.1,61.1,70.4,76.6,75.8,94.8,76.5,101.7,56.1,86.1,63.3,118.3,102,109,105.7
offshore,beer,retail,amt,116,117.8,65.4,118.3,53.7,85,53.7,89.5,68,97.5,112.2,64.8,116.7,75.4,104.1,90.8,61,113.2,96.9,55.7,96.6,115.6,54.5,65.4,115.2,76.2,112.9,107,108.2,108.5,53.8,69.1,86.9,99.5,107.7,80.6,88.6,67,83.7,109.5,77.3,54.1
offshore,beer,super,amt,110.6,103.8,63.4,89.1,86.1,109.5,109.7,118.7,85.8,108.1,108.9,65.2,58.4,80,105.6,59.8,68.1,95.6,89.4,96.3,103.7,81.8,57.1,107.2,109.3,55,106,79.3,93.4,61.9,99.5,95.7,102.5,77.9,80.8,93,80.3,57.9,62.7,102.1,109.2,103.2
offshore,coffee,horeca,amt,92.5,117.8,97,64.3,65.2,89.8,76.9,59,97.8,112.2,93.9,53.4,65.6,93.4,97.1,103.8,92.5,91.8,66.5,102.9,62.2,84.1,107.6,51.4,83.2,72.8,69.2,111.3,87.2,75.1,88.5,84.1,70.1,90.3,103.4,83,95.6,97.7,98,101.1,51.8,106.5
offshore,coffee,hyper,amt,61,117.6,59.4,54.7,117.9,95.7,54,111.3,80.3,51,106.9,100.4,95.7,63.7,100.4,91.9,99.2,107.8,75.4,52.2,84.9,82.1,106.8,107.8,82.7,77.1,81.3,61.6,90.4,111.6,92.8,110.7,55.3,73.1,99.8,55.8,89.3,101.3,96.4,84.3,112.2,113.5
offshore,coffee,online,amt,117,59.1,50.4,78.4,85.8,89.5,76.9,58.5,113.3,101.2,102.7,70.8,62.9,80.3,78.5,106.7,90.6,119.1,119.2,111.9,70.3,53,68.1,112.4,106.6,83.3,90.2,66.8,106.3,103,110.2,73.7,93.2,119.1,75.1,108.1,83.4,51.3,89.2,65.6,82.7,70.5
offshore,coffee,retail,amt,100.3,100.4,54.4,117,82.2,114.4,52.4,97.8,74.8,92,111.5,88.5,89.5,95.2,83.9,51.7,58.1,96.2,50,102.9,95,71.1,68.1,92.4,66.5,74,73.2,54.2,105.6,86.3,93.9,72.9,67.9,115.5,51.7,50.6,50.9,79.9,106.3,78.2,104.9,81.5
offshore,coffee,super,amt,61.1,57.3,61.1,52.3,82.7,102.3,108.3,81.4,65.8,119.6,91,56.9,86.6,52.5,114.6,81.9,56.1,67.4,101.3,57.2,61.2,116.3,52.4,89,65,117.8,51.7,117,82.5,97.4,96.4,97.4,70,72,63.2,82.2,62.4,87.8,86.8,70.3,95.2,87.4
offshore,milk,horeca,amt,102.7,100.2,100.5,85.8,66.2,87.1,71.3,83.5,106.2,105.5,117.3,104.2,60.7,109.9,109.6,104.2,66.3,78.4,97.1,75.3,112.8,86.5,72.1,91.9,117.9,97,107.2,100.9,67.2,117.5,78.4,110,60.1,63.1,68.3,67.7,109.9,96.1,65.2,57.5,73.2,114.1
offshore,milk,hyper,amt,61.5,79.6,69.3,99,68,98.2,92.9,110.6,77.8,63.4,57.5,115.6,79.4,93.9,112.4,61.1,58,71.4,50.9,91.5,94.9,83.1,114.9,72.4,92.6,102,70.2,92.1,98.8,114.8,59.4,54.3,73.9,64.9,112,70.7,91.2,116.2,117.4,92.3,55,64.7
offshore,milk,online,amt,57.2,118.9,98.5,65.1,55.1,94.5,62.2,73.9,105.7,73.9,67.5,107.2,91.8,104.6,96.5,116.6,60.4,114.1,103.3,86.2,101.7,58,54.8,67,110,74.4,61.1,98.6,59.5,108.4,74.7,104.9,99.7,56.5,104.1,92.2,57.3,112.3,93.5,101.4,101.3,108.7
offshore,milk,retail,amt,58.6,51.7,69.8,111.9,105.7,84.2,76.5,71.2,59.7,110.4,91.8,51.6,73.4,82.2,65,100.1,110.9,62.9,63.7,106.6,118.3,57.4,105.2,109.5,112.2,99.3,77.3,72.6,86.9,103.9,70.7,105.1,85.6,52.2,85.4,65.4,68.8,117.6,94,87.4,67.4,87.5
offshore,milk,super,amt,106,112.8,64.5,56.7,87,108.2,82.7,79,105.9,57.9,103.9,105.9,76.7,67.9,80.5,69.5,112.8,79.5,84.2,108.9,108.3,84.7,54.3,66.3,52.7,78.8,112.1,114.2,55.9,92.1,105.9,69.9,65.3,53.8,98.9,101.9,58.2,98.8,79.1,108,106.2,112.6
offshore,soda,horeca,amt,57.6,117.8,96.8,72.1,62.2,103.9,81.2,99.4,106.6,58.7,118.7,62.4,102.4,109.7,85.6,82.4,82.3,57.5,88.8,116.9,101.6,114.7,59.5,61,86.3,78.5,94.6,110.7,55.3,54.4,113.8,97.4,75.6,69.5,103.9,107.2,82.8,60.7,96.2,100.5,71.6,91.7
offshore,soda,hyper,amt,114.8,68.5,62.2,75.3,106,52.8,75.4,119.8,85.5,66.8,90.7,108.7,61.9,100,91.1,103.6,59,115.2,63.3,52.2,117.8,90.1,118.9,82,73.4,109.2,104.6,116.6,64.8,118.9,100,99.1,55.6,104.6,111.6,66.2,54.3,58.9,82.5,86.5,75.9,75.9
offshore,soda,online,amt,102.2,113.9,95.8,111.7,52.9,110.2,54.4,61.2,98.5,94.6,50.7,93,50.3,66.8,113.1,111.8,59,59.6,92.8,73,65,54.3,64.7,111,52.8,106.9,111.5,89.1,56.8,118.1,72.3,103.8,91.5,87.6,113.9,75.2,61.8,102.8,73.3,91.4,53.6,77.1
offshore,soda,retail,amt,101.2,91.2,62.3,78,115,85.5,118.6,103,96.2,79.3,67,108.9,117.6,67.4,110.9,86.7,114.7,97.1,104.4,79.2,83.3,102.6,90.7,99,86.5,118.1,104.8,92,72.8,81.9,93.6,103.4,64.4,60.6,58.1,81.3,52.4,76.6,118.7,92.4,90.6,57.1
offshore,soda,super,amt,113.9,114.3,77.1,103.1,108.9,89.6,74.5,76.2,50.4,118.2,112.4,75.9,84.4,81.2,65.3,111.6,98.3,85.6,67,104.1,67.4,85.1,56.4,65.1,116,97.9,73.8,115.4,98.7,74,112.7,68.6,105.3,60.6,84.5,80.7,87.7,118.5,104.8,104.8,117.6,61.2
offshore,tea,horeca,amt,114.5,58.7,74.8,88.8,105.7,101.8,97.8,105.9,74.6,113.1,51.7,111.4,89.7,82.1,83.8,114.3,69.5,64.7,94.3,64.2,88.7,102.1,61.7,67.1,84.3,56.3,95.8,71.2,50.1,71.3,86.4,51.5,92.5,85.3,83.5,83.2,106.4,84.6,82.3,67.7,84,72
offshore,tea,hyper,amt,80,114.4,84.4,104.2,108.5,117,88.5,116.5,119.2,76.6,62.3,61.6,50.9,118.9,74.4,119.4,59,53.8,93.6,81.1,113.7,65.2,50.3,108.3,119.5,109.8,99.4,86.2,95.8,118.8,84.6,89.3,77.9,80.4,107.4,106.9,86.5,81,81.5,60.9,113.7,61.1
offshore,tea,online,amt,77,110.9,97.9,93.9,113.1,84,71.6,74.1,52.5,99.2,109.1,86.9,85.8,78.1,119.2,69.5,92.4,116.4,83.7,80.5,93.4,76.5,61.7,65.9,92.9,85.5,110.3,56.8,88.8,65,86,99.4,102.3,91.8,64.8,86.6,73.2,85.3,70.3,65.2,68.5,87.1
offshore,tea,retail,amt,111.7,118.4,111.7,53,95.2,117.7,75.4,50.7,102.4,95.5,80.2,110.7,117,64.2,110.2,97,83.1,97,99.2,82.3,113.5,82,84.7,106.8,87.5,55,93,108.1,114.5,66.5,54.1,90.5,94.7,51.1,63.9,82.8,69.8,88.2,102.5,67.4,53.2,93.5
offshore,tea,super,amt,78.1,50.2,63.2,102.5,77.6,95.1,52.1,50.7,84.5,103.8,84.2,115.4,77.1,118.8,72.8,117.8,51.9,61.7,88.4,73.7,77.9,72.1,82.2,65.1,70.7,84.1,93.5,81.4,55.7,54.6,83.1,119.1,86.7,104.3,85.3,109.2,79.8,61.3,108.9,72.9,91.8,90.7
offshore,water,horeca,amt,78.1,76.4,88.1,118,118.6,51.2,109.6,85.1,75,79.5,80.2,82.3,85,79.3,86,86.6,105.3,58,113.3,64.5,79.3,69.2,60.3,91.8,80.3,51.9,102.5,94,57.8,66.5,112.7,100.5,81.3,103.7,110.6,54.3,93.8,97.2,119.2,115.9,62.8,104.4
offshore,water,hyper,amt,94.1,95,56.6,61.2,118.8,95.1,115.2,65.5,72.3,71.5,51.3,72.8,59.4,74.6,106.7,53.9,65.2,78.8,53.2,105.9,71.5,86.7,99.5,85.8,114.5,76.9,99.3,110.9,57.6,86.5,111.6,61.7,91.5,86,91,86.4,102.5,77.3,54.4,74.8,84.1,57.3
offshore,water,online,amt,68.9,72.3,72.6,110.4,65.4,54.9,70.6,61.7,111.3,70.4,69.7,116.3,91.4,82.6,118.8,118.4,101.3,112,82.1,54.7,115.9,76.8,101.1,73.3,59.8,113.6,88.1,57.7,58.4,61.4,105.2,115.1,111.8,72.5,83.6,57.7,115.6,66,107,94.6,75.4,72.9
offshore,water,retail,amt,72.4,94.2,79,96,75,101.9,90.4,75.1,108.5,61.7,62.4,51.5,96.3,65.2,99.8,96,110.5,72.7,72.8,65.6,76.2,87.2,95.2,116.9,77.1,52.9,61.7,88,116.4,85.5,116.7,107.5,117.6,62.1,94.8,65.6,87,55.5,81.7,107.7,119.4,52.8
offshore,water,super,amt,106.8,51.1,88.4,54.4,53.5,109,93.2,56.7,80.9,94.9,51.9,52.8,76.1,52.2,116.7,91.1,104.7,54.6,106.8,82.2,64.3,89.2,65.3,80.7,101.8,89.9,59,103.9,72.3,106.8,78.2,63.6,52.9,71.8,102.4,93.2,75.6,81,94.7,102,52.5,116.1
south,beer,horeca,amt,105.2,100.7,100.8,99.5,109.2,83.9,83.5,57.7,118.9,89.4,77.4,69.1,63.9,72,94.2,94,95.9,75.7,75.2,54.1,89.9,79.5,50.5,80.9,75.8,110.3,56.9,87.5,109.5,116.7,78.4,69.5,114.7,82.6,80.3,105.6,76.7,62.3,52.1,101.2,73.4,98.5
south,beer,hyper,amt,82.5,93.4,81.1,59.8,92.7,67.2,82.6,115,85,108.2,50.9,116.6,105.1,53.5,81.5,68.8,72.8,51.8,110.6,70.1,110.9,117.4,58.6,105.7,84.7,65.8,70.6,105.1,107.8,118.1,98.8,86.1,76.4,85.1,101,78,63.3,63.9,112.3,58.5,55.7,54.1
south,beer,online,amt,52.7,110.6,50.3,51.6,117.8,59.8,62.2,57.1,97.8,57.5,103.7,52.1,117.4,89,119.8,100,85.3,110.2,102.7,81.1,91.5,87.7,97.9,103.9,50.9,51.1,57.1,79.8,64.2,51.8,88.8,81.5,101.9,69.3,103.4,115.9,70.5,89.8,112,98.8,58.4,77.2
south,beer,retail,amt,63.9,92.3,99.1,101.2,80.6,52.7,73.8,54.6,84.5,85.2,93,73.3,75.2,64.9,115.3,96.9,97.5,55.4,95.3,65.1,66.1,57.6,85.8,87.7,94.4,91.8,52.5,69.4,84.8,61.8,90.2,89.4,82.7,102.7,66.1,112.4,58.6,83.2,98.7,103.1,59.1,89.7
south,beer,super,amt,118.2,99.4,100.5,59.3,67.4,108.4,114.3,57.6,55.9,98.5,92.1,101,58.3,93.1,111.7,51.6,53,113.4,51.1,55.6,118.3,106.2,119.7,74.4,87.4,87.9,106.9,52.6,114.6,105.8,117.3,80.8,78.3,105.5,100.9,84.2,90.3,116.5,69.4,115.8,87.6,85.2
south,coffee,horeca,amt,64.2,52,63.6,70.7,111,72.7,74.3,76.4,61.8,61.9,61.7,113.4,55.6,119.8,53.2,54.7,55.8,55.7,72.7,101.8,104.5,58.3,89.1,76,94.6,96.1,109.1,100.2,54.6,73.5,67,67.5,79,72.9,95.5,79.1,118.2,50.7,91.7,52.5,68.9,83.6
south,coffee,hyper,amt,92.6,68.5,99.8,118.6,58.2,103.1,103.9,103.2,91.4,57.6,117.7,100.2,74.2,102.8,84.6,117,111.4,70.6,92.6,92.4,102.1,119.5,107.9,85,77.8,62.5,87,105.8,69.1,75.1,92.6,53.7,61.7,50.1,72.4,78.1,81.7,65.8,95,116.7,71.8,83.7
south,coffee,online,amt,58.5,117.9,89.3,62.3,99.8,80.2,90.7,83.9,117.7,97.6,107.7,60.3,64.6,81.1,64.4,61.1,111.3,85,56.3,79.8,72.7,64.3,78.2,72,83.1,90.4,115.2,51.2,110.3,116.1,114.7,101.5,102.4,76.4,94.6,82.8,96.6,110.3,110.3,100,68.4,113.3
south,coffee,retail,amt,69.3,100.8,62.1,61.9,107.1,71.9,97.1,62.1,68.3,64.8,80.5,105.8,90.7,61.1,60.2,71.3,68.2,62.5,56.2,78.4,96.8,97.4,87.3,119.5,118.2,71.8,101.2,104.3,104.7,95.8,98,51.8,112.8,61.4,89.5,92.4,111.1,62.2,62.7,79.1,86.6,100.8
south,coffee,super,amt,90.4,80.2,111.6,105.7,111.7,84.8,64.1,87.3,102.9,70.2,113.2,104.6,79.9,117,82.1,65.5,63.5,95.6,100.2,62.8,68.2,81.7,105.2,117.1,90.9,73,56.8,52.9,89.8,70.7,85.5,88,65.6,54.7,52.7,96.9,110.1,72.7,103.8,69.5,118.7,62.4
south,milk,horeca,amt,81.7,95.6,119.4,84.1,106.7,99.5,106.5,102.7,114.2,86.5,117.6,106.8,96,85.3,77.9,94.1,109.9,95,112.6,116.7,108.8,66.8,107.8,74.8,107,101.7,113.5,110.5,78.3,95,70.7,71.3,82.2,86.6,83.2,115.2,65.2,83.2,103.4,60,109.6,90
south,milk,hyper,amt,111.3,95.2,112.1,56.6,113,93.3,66.9,107.8,58,107.9,99.1,84,81.2,103.1,92.6,101.6,90.2,69.8,100.5,80.5,74.7,69.1,92.1,86.8,110.9,52.3,62.9,115.5,57,50.8,65,89.7,66.9,104.2,105.4,92.3,70.6,78.6,52.2,116.7,75.9,54.8
south,milk,online,amt,56.6,65.4,93.7,79.5,65.2,89.3,52.2,78,81.5,110.9,57.6,64.5,95.8,68.2,52.9,97.5,87,97.6,103.2,106.9,72.9,117,52.3,115.1,92.8,100.8,76.3,112.2,119.2,80.5,97.4,70.8,87.2,118.4,56.6,77.2,50.2,76.9,71.1,53.7,72.9,86.2
south,milk,retail,amt,90.3,74,59.7,104.7,99.9,92.1,54.7,117.2,101.3,80.6,85.3,56.5,108.2,57.2,66.7,68.3,69.7,114.1,89.7,117.2,69.4,112.1,114.5,96.9,69.2,79.5,87,110.5,54.9,78.4,98.5,117.2,105.8,65.8,116,60.6,54,54.4,60.7,92.2,84.3,117.3
south,milk,super,amt,58.4,79.3,57,97.3,108.4,64.3,98.5,58.7,119.6,65.5,85.9,107.8,62.3,74.2,102.2,60,113.4,73.3,52.8,107,74.8,99.1,61.9,116.6,113.8,74.1,100.7,96,61.1,115.1,76.1,54.9,87.2,110.1,59.9,95,66.2,69.1,55.6,110.5,101.8,66.7
south,soda,horeca,amt,99.4,67.7,60.9,101.4,50.2,109.6,54.2,77.4,75.6,117.8,109.3,70.9,65.9,68.8,76,61.7,72.5,78.1,93.7,80.8,91.2,64.3,74,93.2,81.8,65.8,97.7,100.2,90.4,83,74.9,50.6,91.1,79.4,87,67.4,67.2,114.8,93.6,52.6,110,102.4
south,soda,hyper,amt,102.2,91.1,75.3,107.4,113.5,111.3,105.5,98.2,113.2,77,87.1,79.1,66.1,105.5,70,75.5,99.8,66.2,70.5,98.7,107.2,88.6,101,88.9,53.6,104.6,100.7,65.3,104.7,103,71,69.3,50.9,53.2,117.6,59.4,103.1,70.1,116.1,62.5,91.1,97
south,soda,online,amt,67.7,58.9,88.4,66.3,95.1,79.2,74.4,75.9,109.1,84.4,50.8,59.7,117.7,93.7,56.8,59.1,112.2,107.1,55.1,71,58.2,106.8,56.1,108.5,113.3,72.8,119.5,82.2,51.1,86.8,99.4,61,59.1,73.9,105.1,107.6,50,77.6,92.8,76.8,77.3,87.4
south,soda,retail,amt,95.8,106.5,88.6,90.9,61.9,60,74.1,113.9,74.6,94.7,93.8,104.6,66.5,73.1,75,62.1,85.1,102.1,58.4,69.5,85.2,90.2,61,111.2,56.8,97.1,54.1,63.9,73.5,75.8,60.4,66.7,79,72,117.3,59.9,107.1,87.5,61.2,113.3,112.9,80.1
south,soda,super,amt,110.7,56.2,117.8,54,52,98.1,111.1,67.6,110.3,114.9,103.9,110,67,60,101.6,66.1,52.9,79.4,117,98.7,78.2,84.8,71.5,112.2,105.8,84.6,115,65.1,67.9,100.3,62.7,103.1,116.7,85.1,52.5,62.3,101.4,92.5,55.5,66.2,106.1,67.3
south,tea,horeca,amt,67.6,78.7,93.4,106,96.2,85.7,52.7,94.4,107.5,95.1,50.5,94.2,94,118.3,118.8,60.4,75.3,61.1,87.1,54.6,114.2,96.4,57,109.5,115,70.2,50.3,102.6,73.6,113.5,75.4,65.7,76.3,106.9,68.6,85.1,107.3,63.2,114.9,94.2,74.5,79.6
south,tea,hyper,amt,74.7,101.5,84.9,101.1,100.8,99.8,67.7,101.7,51.4,106.6,75.7,107.2,113.9,117.6,61.3,81.5,62.4,77.1,113.4,77.9,77,89.4,95.5,96.3,118.4,61.6,105.4,71.5,103.2,106.1,101.9,50.2,55.8,67.6,93.5,86.4,73.4,56.6,75.5,95,88,50.9
south,tea,online,amt,67,60.5,71.4,111.5,99.7,107.6,117.4,74.2,105.5,88.8,117.9,109.9,108.2,57.3,90.5,117.6,94.3,95.3,63.1,112.2,84.9,52.2,111.3,55.4,105.5,95.8,109.2,79.5,77.2,86.6,94,87.8,107.2,50.1,80.7,68.5,116.4,53,51.5,77.5,81.8,87.4
south,tea,retail,amt,98.2,75.8,113.6,119.4,78.6,56.4,70.1,73.6,58.4,69.2,69.8,70.5,61,94.8,55.6,115.5,81.5,117.5,101.9,73.4,63.9,93.8,60.7,56.3,54.8,118,84.7,113.3,119.2,119.1,53.2,108.5,111.2,57.5,78.6,107.9,76.6,71,105.5,93.4,81.7,99.5
south,tea,super,amt,108.6,73.8,86.9,91.9,80,67.3,89.5,72.3,86.5,64.1,82.4,62.4,79.3,64.5,100.6,60.8,61.5,91.9,88.5,84,106.3,114.5,79.1,107.2,51.3,67.6,99.9,86.8,101.3,98.8,112.5,70.6,105.8,72.7,58.5,68.3,79.6,79.7,65.8,117,91,84.5
south,water,horeca,amt,78.9,60.5,84.8,87,106.8,75.7,64.4,72,95.9,69.7,69,83.7,80.2,108.7,78.3,107.7,117.6,117,98.3,71.9,84.4,63.2,104.4,79.1,99.6,88.2,105.1,54.4,66,108,63.8,83.6,67,75.1,109.6,61.2,79.6,91.1,64.3,105.3,56.2,87
south,water,hyper,amt,109,97.1,85.2,65.5,70.6,83.1,74.5,55.8,61.5,119.7,88.9,84,78.3,86.1,101.1,95.2,69.2,82.9,118.3,67.8,73.7,98.4,90.9,117.6,57.8,63.1,60.4,101.6,78.5,50.5,72.1,60.8,55.2,67.8,119.9,67.8,69.8,56.6,99.9,104.6,119.3,85.7
south,water,online,amt,70.9,96,113,50.2,85.4,103.3,114.7,97.5,72.6,102.4,97,92.3,109.4,85,105.4,55.4,76,110.1,70.9,113.7,76.3,75.3,102.9,102.7,96.8,70.2,86.1,53.1,111.2,63.9,50.2,61.6,112.6,69.3,117.4,66.5,104.7,118.8,98.8,67.4,110,62.4
south,water,retail,amt,114.9,114.3,90,68.1,102.8,72.6,109.9,99.3,71.7,116,98.8,96.8,109,71.4,113.7,55.5,118.9,52.9,100.2,83.6,66.1,80.4,109.4,72.5,77.4,87.1,64.5,109.1,76.5,52,67.2,54.3,117.2,107.4,88.3,56.7,69.3,74.3,111.5,103.3,74.3,55.5
south,water,super,amt,57.6,77.4,69.8,91.7,66,83,67.4,97.8,106.3,101.6,93.2,85.9,59.2,116.5,118.5,119.7,85.5,98,105.3,97,78.3,86.6,72.5,77.7,108,54.6,114.6,102.3,63.6,63.4,84.1,75.6,78.4,55.9,94.5,113.9,64.4,75.9,84.6,109.8,63.7,82.2
central,beer,horeca,vol,5.7,6.6,7.7,8.4,4,5,8,5.5,5.8,5.5,6,7,4.8,8.4,8.3,7.3,4.6,5.7,8.9,9,7.4,8.9,6.6,7.1,8.7,6.2,8.5,8.6,8.7,10.3,11.2,8.8,6.4,5.9,6.9,10.1,9.1,9.1,6.7,13,13.1,7.5
central,beer,hyper,vol,5.4,7.4,4.2,5.4,7.6,4.7,9.7,6.4,6.5,5,8.7,6.5,4.8,6.1,6.6,5.5,5.5,10.3,8.9,6.8,8.8,10.4,7.9,4.6,10.3,6.8,6.8,7.1,7.3,12.8,5.1,9.6,11.8,12.1,9,5.4,5.8,9.4,6.8,14.5,8.9,6.8
central,beer,online,vol,4.8,6.6,7.9,8.7,5.5,8.2,5,5.5,8.5,6.4,8.3,8.1,7.6,6.4,4.7,8.3,5,9.3,9,7.8,8.1,7.4,6.7,4.5,5.8,10,9.5,10.8,11.2,7.1,12.2,5.6,9.2,7.8,10.5,9.2,10.9,7.6,7.4,7.2,9.4,10.1
central,beer,retail,vol,3.2,5.5,4.6,6.5,4.5,5.8,6.7,4.4,3.8,6.6,8.9,6,8.3,7.8,4.7,9.7,6.7,4.3,4.6,8.7,9.1,5.4,9,6.4,7.8,6.5,7,7.4,9.2,6.5,5.1,5.4,11.4,12.4,8.8,9.3,6.6,6.7,8.9,9,6.4,9.3
central,beer,super,vol,5.8,4.4,5.7,5.4,6.5,4.3,7.5,4.9,7.8,8.1,6.2,8.2,8.6,6,7.8,6.6,6.2,7.6,6.6,6.1,6,9.6,6.6,9.4,8.7,4.9,6.8,7.1,5.3,11.7,7.6,5.8,7.3,8,11,13.5,10.5,8.8,8.6,9.2,7,11.6
central,coffee,horeca,vol,3.6,5.3,8.4,8.3,5.9,6.7,4.6,9.6,7.1,8.3,4.8,5.5,5.3,5.5,5.7,8.3,8.9,8.9,7.5,5.9,8.6,9.3,9.9,8.1,8.9,7.8,12.3,5,10.3,11.3,7.8,8.6,9.6,12,10.5,6,8.9,13.4,8.6,8.8,4.5,8.4
central,coffee,hyper,vol,6.5,8.3,7.6,7.8,3.9,7.4,7.6,7.2,7.5,6.7,6.5,8.1,7.2,9.3,4.4,4,8.8,9,9.6,4.6,10.7,5.2,7.1,5.5,4.8,8.4,8.2,6.9,7.6,8.7,5.4,7.4,10.1,6.5,7,5.5,7.6,6.9,6.9,5.5,6.9,7.8
central,coffee,online,vol,6.2,3.7,3.6,5.6,4.6,8.8,7.8,5.8,7.7,9,5.3,5.7,5.7,4.7,7.6,6.6,5.1,6.5,7,10.7,6.5,6.8,6.7,4.3,4.8,7.8,10.4,6.5,10.9,9.1,7.5,6.7,11.1,6.3,6.7,11.2,7.1,8.9,8.8,5.8,11.3,6.5
central,coffee,retail,vol,3.7,7.1,7.6,7.5,5.4,6.8,7.7,6.3,4.6,6.3,5.8,5.8,9.8,6.4,5.6,5.4,5.4,6.4,5.2,7.6,5.7,8.9,9.5,8.9,5.4,6.8,8.7,8.3,7.6,8.6,8.9,8.7,8.8,9.3,9.1,10.9,6.9,6.1,9.4,6.4,10.2,6.1
central,coffee,super,vol,7.7,4.2,5.3,8.1,8,9.4,7.8,6,6.5,8.5,9.6,6.7,4.4,9.2,7.2,8.5,8.4,7.3,7.5,7.9,5.6,5.3,6.4,7.4,7.2,7.1,5.9,10.5,6.6,9.7,4.3,8.6,11.8,6,8.3,5.9,6.6,10.8,13,6.6,8.8,8.4
central,milk,horeca,vol,7,4.9,5.4,9,8.9,6.8,4.5,8.5,4.1,4.3,6.3,4.6,7.6,10.1,8.7,8.7,4.4,7.3,5.6,10.2,9.2,8.2,7.9,9.6,8,5.5,10.6,10.7,10.1,9,8.9,9.6,7.8,7,8.5,6.1,7.3,12,12.1,8.1,10,9
central,milk,hyper,vol,7.5,5.7,6.7,7.7,3.9,6.9,9.1,6,5.7,6.1,4.7,5.4,8.5,6.4,7.6,10.5,9.5,7.9,11,4.5,9,8.7,8.5,6.5,8.7,9.9,5.3,9.8,7.2,8.6,5.4,10.3,9.6,12.4,6.4,12.7,5.9,6.2,4.9,9.8,7.4,12.8
central,milk,online,vol,8.5,6.8,4.2,5.6,7.8,4.5,8.7,7.8,7.1,4.4,9.2,8.7,9.1,6.3,8.5,10.6,7.7,7.7,6.5,6.8,10.3,7.9,11.9,9.4,7.2,8.7,6.2,8.9,6.6,5.6,5.5,8.9,9,8.6,9.9,6.4,7.8,12.9,6.3,11.8,12,13.3
central,milk,retail,vol,4,8.3,5.6,5.4,6.4,5.3,4,4.4,6.8,5.3,6.3,9.8,10.3,5.4,8.6,5.1,5.2,7.3,5.3,8.5,4.8,10.7,7.7,10.4,7,8.6,5.8,8.1,9.7,13.2,6.7,8.3,9.6,7.3,10.2,7.7,11,11,7.8,7.8,8.8,12.9
central,milk,super,vol,3.6,6.3,6.4,7.1,8.1,8.9,4.1,7.4,9.7,7.7,7.3,8.5,5.3,6.6,5.2,5.6,9.3,9.3,8,6.3,5.5,6.9,5,11.7,8.8,8.4,5.1,9.2,7.2,11.8,4.7,8.3,7.9,8.1,10.7,13.2,6.1,7,8.3,10.2,9.2,7.5
central,soda,horeca,vol,5.8,5.1,6.7,7.9,6.6,8.6,8.9,6.4,6.7,8.1,7.1,5.5,8.5,5.5,6.8,6.1,6.5,7.9,7.3,10.2,9.5,8.9,6.8,9.2,6.4,5,9.5,8.5,6.7,9.9,12.7,7.8,4.8,10.4,6.5,7.7,6.4,10.3,11,14.1,6.5,8.6
central,soda,hyper,vol,3.9,7.5,7.7,7,3.9,6.3,6.4,7.4,7.5,6.1,8.4,5,4.9,8.3,6,4.2,5.7,5.3,5.4,6.4,4.3,5.1,9.2,5.8,9,5.3,9.9,6.6,7.1,8.1,5.4,4.9,5.5,13.5,7.5,9.3,6.4,10.5,12.6,8.8,9.2,6.2
central,soda,online,vol,3.4,5.6,8.4,7.2,4.2,6.6,6.3,10.1,4.7,3.9,6.4,6.9,5,9.1,5.7,6,5.8,9.1,8.9,11,9.9,10.5,7.9,6.2,8.1,5.5,4.5,10,7.2,5.2,11.1,6.9,9.3,12.6,10.6,6.7,9.9,12,5.2,12.5,8.1,6.1
central,soda,retail,vol,8.7,4,9,6,4.4,7.8,8.4,7,4.8,9.1,5,7,9.3,10.5,7.6,5.2,7.5,4.8,5,9.8,9.7,6.5,5.4,6.8,10.6,11.4,11.8,5.7,7.4,5.5,6.4,7.7,6.7,8.1,11.5,11.3,12.4,10.9,5.7,9.8,10.9,13.5
central,soda,super,vol,6.8,9.1,7.5,8.2,7,8,7,8.1,3.8,8.4,6.9,6.4,8.4,6,7.6,7.4,7.9,7.1,5.3,7.8,4.6,6.1,9.6,5,5.9,6.3,7.8,10.3,9.3,6.9,8.5,9.1,8.7,12.5,6.1,5.8,10.7,7.4,6,5.6,9,8.6
central,tea,horeca,vol,9.2,7.6,6.8,4.7,7.7,6.9,5.2,7.1,7,4,5.4,9.4,10.2,6.3,5,8.5,5.3,6.3,8.9,5.4,8.1,8.2,4.3,5.8,4.1,8.5,8.8,4.6,8.6,8.5,11.3,10.9,4.8,7.6,12.5,4.8,6.3,8.9,9.5,5,11.3,10.5
central,tea,hyper,vol,7.6,6,6.8,5.3,6,8.3,3.5,8.7,4.6,4.9,5.8,8.9,7.1,3.9,4.3,6.7,7,6.5,5.3,9.3,7.8,7.9,4.9,5.7,6.8,8.7,11.2,5.8,5.7,7.5,7.5,10.7,4.3,10.8,5.9,12.8,8.3,8.6,5.9,10.4,11.1,11.2
central,tea,online,vol,3.2,7.6,7.1,6.6,7.5,6.1,7.7,7.8,9.4,8.6,8,5.9,8.7,8.5,9.1,5.5,10.1,7.7,4.8,10.4,6.5,10.6,8.4,8.8,6.5,8.8,6.2,7.4,8.2,6.9,6.2,6.6,8.9,6.7,9.9,12.6,9.6,13.8,4.6,9,7.1,5
central,tea,retail,vol,5.5,4.9,6.6,4.2,7.2,8.8,4.8,3.8,6.2,4.2,7.4,7.9,7,7.2,6.7,6.9,6.2,5.7,7.8,6.5,5.1,10.4,4.4,7.5,11,9.6,7.8,6.7,4.5,11.4,9.2,5.5,12.7,6,10.5,7.3,12.7,6.9,10.2,13.4,10,6.3
central,tea,super,vol,4.6,6.7,5.1,3.9,5.7,3.7,8.3,7.7,6.1,8,6.7,5.2,7.1,9.9,6.6,6.4,6.8,8.3,4.4,6.3,4.4,5.9,8.1,7,7.2,6.6,7.1,5.2,9.5,4.6,5.9,4.9,8.5,8.8,6.7,8.1,9,9,5.2,9.9,5.3,7.9
central,water,horeca,vol,8.4,7.7,5.7,6.2,6.8,9.2,7.5,4.4,3.9,8.5,6.9,7.5,10.6,9,7.1,6.2,9.7,6.8,5.4,6.6,9.7,8.8,5,7.7,5.4,10.5,8.7,9.3,8.6,9.4,6.3,9.9,10.9,9.6,7.5,6.1,10.3,7.5,9.1,10.7,7.8,8.5
central,water,hyper,vol,5.6,6.9,4.2,8,8.6,7.6,4.9,4.4,8,7.4,7.7,4.9,7.7,8.5,5.9,6.4,4.9,4.8,10.9,7.1,9,7.8,6.4,11.4,7.2,6.3,5.8,8.7,12.5,5.7,5.5,9.6,8.4,10.8,11.4,10.4,10,6.8,10.4,10.7,8.5,11.6
central,water,online,vol,5.1,4.1,6.4,7.7,7.6,4.4,8.6,5,5.7,8.3,6.1,4.8,9.2,5,6.9,6.1,4.1,7.3,7.2,9.4,8.9,5.9,11.5,7,10.3,10.8,7.8,10.8,10.6,10.1,6.2,4.9,8.3,10.7,10.6,5.2,7.2,8.7,8,9,6.3,12.2
central,water,retail,vol,4.7,8.4,7.1,7.5,9.7,5.3,7.3,8.1,7.9,8.7,8.3,6.4,7.4,5.8,5.9,5.2,4.5,5.3,7.6,4.8,9.1,6.2,7.1,5,6.7,9.4,9.8,9.6,5.2,5.1,6.1,11,4.8,7.1,13.2,10,7.4,4.6,8.8,7.9,12.4,8.5
central,water,super,vol,6,5.9,7.4,7.7,4.2,5.3,5.9,5.4,8.1,6.3,6.5,7.6,8.3,8.7,4.6,8.4,5.5,6.5,6.2,7.7,8.7,10.6,5.8,8.8,9.5,9.4,5.3,9.5,8.6,7,5.6,10.5,10,10.1,10.4,6.9,7.9,10.5,7.7,13.8,5.9,5.4
coastal,beer,horeca,vol,4.2,7,6.9,7.7,5.5,7.1,8.2,6,10.1,6.3,5.2,6.1,8.3,4.9,10.4,5.4,7.5,4.3,8.2,6.1,5.6,7.3,7.7,4.3,8.5,4,5.2,8.1,12.4,7.6,6,10.6,7.2,7.4,12,13.6,10.7,9,12.7,11,6.7,11.8
coastal,beer,hyper,vol,6.4,5.9,5.5,8.5,3.9,7.7,4.7,5,6.2,9.3,4.8,7.3,7,9.2,10,7.3,6,3.8,8.5,6.6,6.5,7.5,9.1,8.4,4.5,6.8,6.4,8.2,4.8,10.2,9.3,6.3,8.9,7,7.2,9.3,12.2,5.8,8.7,9.5,13.5,9.1
coastal,beer,online,vol,6.5,6.2,9,6.7,5.5,7.8,9.4,9.1,5.2,8.2,4.6,6,5,6.1,4.5,7.8,8.3,6.7,11.6,6.4,6.7,6.3,8.7,11.6,4.9,5.3,8.2,6.3,9.5,5.5,5.7,7.8,7.5,11,11,8.1,12.5,6.3,5.3,8,7.8,10.6
coastal,beer,retail,vol,3.5,7.6,4.5,7.2,5.8,6.7,5.8,4.7,7.2,7.2,4.1,7,5,5.1,7.2,5.7,5.6,7.2,7.4,9.7,10.6,8.9,5.7,6.1,7.4,9.9,11.5,4.8,10.3,10.5,7.5,13,8.6,7.7,13.8,6.2,5.8,7.6,4.4,5.9,10.2,8.1
coastal,beer,super,vol,6.7,4.8,4.7,4.8,5.3,8.2,6.4,5.7,7.1,3.7,6.9,5.9,5.5,9.1,7.6,10.1,4.8,8.1,9.1,11.4,6.2,11.4,7.7,5.7,5.8,8.5,9.9,8.3,6.3,5.2,5.6,7.4,10.8,7.3,9.2,7.7,6,9.7,6.9,9.6,10.5,7.4
coastal,coffee,horeca,vol,8.8,7.5,5.4,5.2,5,5.4,4.2,4.4,7.4,10.5,8.3,6,5.2,6.6,6,7.8,7.7,8.3,8.7,7.8,4.3,8,6.7,8.3,11.2,5.4,8.2,9.2,9.7,7,10.4,6,11.9,10.9,11.6,13.5,9.8,7.5,9.2,8.1,7.2,9.2
coastal,coffee,hyper,vol,8.1,4.2,5.1,7.5,9.5,7.8,7.5,5,4.4,4.7,6.7,3.7,5.4,10.2,6.6,4.2,4.4,8,6.1,4.6,4.6,4.9,8,11.2,6,5.9,7.9,5.7,9.1,5.8,9.1,6,10.5,7.3,11.7,7.2,6.2,9.7,6.5,8.7,8.7,11
coastal,coffee,online,vol,7.9,6,5.8,8.9,8,8,6,5.9,6.2,4.1,4.7,6.4,5.9,10.5,9.8,6.5,6.8,6.5,9.4,7.9,4.2,10.7,5.5,7.2,4.3,12.3,5.8,6,8.1,4.6,6.6,10.3,8.9,9.6,7.3,10.2,9.9,6.4,5.9,11.6,7.7,8.8
coastal,coffee,retail,vol,4.3,5.5,4,7.4,8.9,9.5,4.6,5.9,5.9,5.6,5.4,7.2,4.7,4.2,7.2,9.4,9.4,8.1,5.5,5.7,4.2,4.6,8.9,7.3,5.4,6.1,6.7,5.6,10.3,11,5.8,11.1,6.3,5.2,9.7,8,14.6,11.4,9.2,7.8,7.8,9.9
coastal,coffee,super,vol,5.2,4.3,6.4,4.5,5,6.5,8.7,5.2,9.5,4.5,4.6,7.8,6.4,7.1,9.3,5.8,5.7,6.5,8.8,7.9,9.1,7.6,8.9,8.1,7.1,8.6,5.4,9.1,5.3,8,5.3,5.7,8.8,8.8,6.5,6.2,8.4,7,10.2,11.8,10.9,8.9
coastal,milk,horeca,vol,4.6,5.2,4.4,5.9,5,5,8.5,4,6.3,7.3,3.7,9,3.9,5.3,8.9,8.1,5.7,7.8,4.2,9.2,5.6,9.3,9.7,5.2,10.7,8.9,4.4,10.7,4.9,10.5,6.3,7.2,9,8.2,6.9,5.9,6.2,7.8,7.5,9.5,5.8,7.5
coastal,milk,hyper,vol,5.9,5.7,8.1,5.3,9.3,3.7,7.8,6.8,9.6,5.9,6.1,5.1,4.9,7.4,7.4,7.9,3.8,9,7.8,5.3,10.5,5.5,7.2,6.1,7.8,10.1,9.8,8.9,12,8.9,11.2,9.7,9.2,6.7,6.9,4.8,10,13.9,10,10.6,10.8,9.6
coastal,milk,online,vol,5.1,3.4,4.4,7.7,4.8,5,8.8,6.1,6.5,4.2,8.7,4.7,5.7,7.8,5.4,7.3,9.4,8.7,10.2,7.9,7.1,6.5,6.9,8.6,6.6,9.4,5.3,5.2,10,8.7,11.4,7.6,11.1,7.3,12.5,6.7,6.7,9.7,7.4,7,8.2,5.7
coastal,milk,retail,vol,3.7,6.3,5.8,3.5,6.4,6.8,5,5.2,7.3,3.8,5.9,5.3,7.5,8,6.2,8.1,7.3,8,9.8,4.6,8.9,8.4,8,10.5,6.9,5.6,8.2,6.1,4.4,9.6,8.2,10.2,7.2,10.9,6.8,11.6,12.7,9.7,12.1,7.5,10.7,7.4
coastal,milk,super,vol,6.2,4.6,4.2,8.5,6.9,4.6,6.3,4.9,7.8,6.8,7.5,4.4,5.6,5.8,6.5,4.8,7.9,4.6,10.5,8.6,11.7,5.7,5.4,8.8,6.3,7.6,5.2,7.8,10.1,5.7,10.3,7.1,10.7,11,11.5,13.2,11.9,8.1,12.1,6.9,12.2,7.1
coastal,soda,horeca,vol,3.9,3.6,3.7,7.1,5.1,5.4,7.8,7.9,8.4,4.2,6.2,5.9,6.3,8.8,6.5,5.8,10,6.4,8.3,8.1,10.6,9,4.5,4.9,9.3,11.7,10.2,9.5,7.7,10.3,6,12,5,10.9,9.5,5.2,8.9,8.7,10.6,9.8,6.8,8
coastal,soda,hyper,vol,8.4,6.5,5.8,4.1,4.2,6.6,5.9,4.8,9.1,4.5,4.5,5,5.8,5.8,8.1,7.2,5.1,10.5,4.4,9,5.7,9.6,8.3,4.9,7.7,7.8,7.5,5.4,11.6,6,7,5.6,6.5,9.4,10.4,11.7,6.6,9.4,12.4,9,6.3,10.3
coastal,soda,online,vol,5.8,5.6,4.2,6.8,3.9,5.9,6.4,7.1,7.9,4.5,8.9,8.9,9.5,6.3,7.2,6.3,4,7.8,7.6,8.5,5.8,5.4,5.7,8.1,11.1,11.2,10.7,5.9,5.9,6.9,11.8,9.7,12.5,12.7,9.7,8.7,10.5,6.8,11.2,10.9,8.5,10.8
coastal,soda,retail,vol,6,3.7,6.9,5.2,5.7,6.7,8.1,4.6,4.4,5.3,8.5,8.5,6.5,3.6,7.9,4.1,5.8,6.6,6.9,5.3,8.4,8.3,7.5,7.8,5.4,7,5.8,4.5,8.2,9.9,5.9,10,11.7,7.9,11.8,10.3,6.3,10.7,9.7,7.8,8.5,13.4
coastal,soda,super,vol,4.3,5.1,7.5,8.1,8.3,4.8,4.4,6.8,3.7,4.5,5.8,9.2,7.4,5,8.7,10,6,4.7,7.9,5.1,9.5,9.5,5.4,9.8,7.5,8.8,9.5,6.4,7.1,8.3,8.7,7.4,10.7,4.8,8.2,7.8,12.5,12,11.7,10.2,9.3,7.2
coastal,tea,horeca,vol,3.8,5.2,7.8,5.1,5.2,4.8,7.9,4.5,5.8,5.4,7.7,6.4,4.2,7.1,6,8.2,6.1,5.6,8.7,8.3,5.5,6,9,12,4.5,4.6,6.9,5.7,10.1,7.7,12.2,8.8,8.3,10.6,8.2,9.3,10.5,8.3,6.8,14.7,9.7,7.5
coastal,tea,hyper,vol,6.6,5.7,9.9,7.5,8.8,5.3,7,6.8,4.9,4.2,5.9,4.6,7.6,9.1,9,9.2,8.3,9.2,7.2,5.1,7.5,9,11.6,5.4,10.2,6.9,9.3,10.5,7.8,8,8.7,6,11.3,6.9,10.6,8.6,10.8,12.3,5.9,9.4,6.9,9
coastal,tea,online,vol,4.8,6.8,8.2,5,8.2,6.9,6.3,7.1,5.2,4.9,9.6,3.8,3.9,9,6.6,4.4,9.3,7.9,8.1,6,6.5,7.4,6.7,6,4.8,8.1,10.6,10,5.8,4.2,10.1,9.7,8.1,8.3,9.5,6.2,9.5,6.8,9.2,7.2,5.1,7.5
coastal,tea,retail,vol,6.1,5.6,6.7,6.9,6.1,5.4,5.2,8.4,5.2,7.7,8,9,8.2,8.6,11.1,8.8,7.3,9.3,9.2,4.8,4.4,8.5,8.2,6.2,7.8,6,5.1,7.5,7.7,8,6.4,10.3,11.4,9.7,5.5,7.2,13.5,11.4,5.9,7.2,10.1,11.3
coastal,tea,super,vol,5.2,8.5,9.3,9.2,7.3,8.2,7.3,9.5,4.5,8.6,5.8,8.9,6.2,4.3,7.1,7.3,4.5,11,4.2,4.2,5.1,9.8,11,9.5,8.8,8,11.3,6.9,6.4,8.8,7.8,8.9,12.6,8.6,8.9,6.5,5,6.9,5.1,6.8,8.9,9.4
coastal,water,horeca,vol,3.6,4.9,5.7,4.7,8.6,7,6.3,8.1,6.8,8.5,9.3,7,9,6.6,9.1,8.6,8.4,7.7,9,9,4.6,9.7,5.8,11.1,12.2,10.6,5.1,6.1,12.1,4.9,8.2,4.8,6.9,9.7,6.4,13.5,13.5,6.3,10,5.5,11.5,7.7
coastal,water,hyper,vol,4.2,7.1,8.4,4.4,5.5,4.5,7.5,7.4,6.4,7,10.4,4.9,4.6,5.7,6,6.4,7.8,9.7,5.7,7.6,7.7,10.1,8.6,5,10.1,8.5,12,10.9,10.8,4.7,9.4,4.8,7.4,10.4,10.5,8,7.3,8.9,6.7,10.4,5.2,10.4
coastal,water,online,vol,6.5,4.6,6.7,6.9,4.6,5,9.3,8,8,4.5,7.8,6.7,4.2,4.4,6.1,5.5,7.4,10.4,8,7.1,10,11.2,9.1,4.9,6.1,7.7,5.8,7.9,12.2,8,9.1,7.5,6,12.3,5.9,6.2,11.7,10.9,14.1,6.3,4.5,7.1
coastal,water,retail,vol,5.6,6.5,4.8,5.2,7.9,4.3,4.2,8.4,4.6,9,7,6,6,7.4,4.9,7.7,6.6,8.9,6.4,3.9,4.5,7,8.9,5.7,11.7,6.7,5.9,8.8,10.3,10.1,10.7,9.1,11.4,8.1,12.7,8.7,8.8,13.1,8,12.4,10.2,11.1
coastal,water,super,vol,4.2,5.2,4.8,3.6,7.2,7.9,8.4,6.7,6.7,9.5,5.3,3.6,5.2,6.8,7.8,5.5,6.7,7.8,9.7,5.3,9.9,9.8,4.2,5.5,11.7,5.3,6.3,8.2,11.2,7.1,5.6,5,9.8,8.9,6.7,6.7,5.6,9.2,5.9,7.8,11.5,7.3
north,beer,horeca,vol,7.7,9.1,6,7.3,5.9,6.5,9.3,8.5,4.7,7,5.3,5,8.7,6.2,7.9,6.9,10.3,8.2,8.5,11.7,10.4,6.3,7.4,4.4,10.4,6.2,9.6,11.2,8.4,5.6,12.6,9.8,4.9,10.9,6.7,12.1,4.9,7.3,9.8,6.1,5.9,5.9
north,beer,hyper,vol,7.7,5.3,7.3,6.5,6.3,9.4,5.9,6.6,4.2,5.4,5.8,6.9,10.3,9.1,5,6.4,6.7,5.7,6.8,5.5,8.6,8.7,4.5,5.5,4.1,6,10.4,5.2,5,9.5,8,9,9.8,6.9,6.9,8.5,11.4,7.1,11.6,10.6,12.7,9.8
north,beer,online,vol,5.1,7.6,5.8,3.6,6.7,7,7.6,6,6.1,6.8,7.9,5.5,4,6,6.3,8.4,7,6.4,9.8,7.8,4.3,8.4,5.8,8.1,11.3,5.2,11,6.3,10.1,7.9,7.2,10,9,11,10.5,7.9,4.8,6.3,10,11.7,11.7,6.8
north,beer,retail,vol,6.3,6.4,5.1,5.4,9.4,5.5,9.5,7.4,4.9,8.3,4.3,6.5,8.1,7.3,7,7.3,8.7,5.9,9.2,4.8,6.8,6.2,5,9.4,9.7,5.2,11.8,8.5,8.6,10.3,5.3,9.4,8.3,7.5,12.7,8.6,10.4,4.8,7.1,9.6,5.9,8.5
north,beer,super,vol,6.2,5.8,4,4.2,6.1,8,5.5,4.2,4.4,4.5,8.4,7,8.3,4.7,9.2,6.8,8.3,9.1,5.7,6.6,6.8,7.4,6.1,9.9,9.7,4.7,5.8,6.2,8.7,7.2,8.3,6.2,6,7.4,9.3,8.4,6.3,10,11.4,11,8.5,11
north,coffee,horeca,vol,8.6,7.5,5.8,4.2,6.9,3.7,7.5,4.2,7.3,8.3,5.3,8.4,6.3,9.5,7.9,8.7,5.4,5.6,6.9,8.5,4.5,6.7,6.1,9.6,12.4,10.1,9.4,4.3,10.2,11.3,9.1,8.9,5.7,9.4,9,9,10.4,11.7,8.1,11.1,12.7,6.3
north,coffee,hyper,vol,5.8,6.7,6,8.4,9.1,4.5,4.3,8.2,4.7,8,10.7,4.3,7.7,5.6,6.8,4.7,10.4,8.6,6.2,7.7,6.3,6.6,8,12.1,9.1,10.6,8.5,7.7,7.2,5.9,7.5,11.7,6.9,6.3,6.1,6.4,5.7,13.5,7.1,8.5,8,8.4
north,coffee,online,vol,5.4,6.2,5.7,4,3.9,5.7,4.7,9.3,8.8,4.4,6,8.2,9.6,8.5,8.4,4.8,6.3,5,11.3,4.8,9.4,6.6,5.3,5.8,5.9,12.4,5.9,7.6,10.2,6.3,8.6,9.4,8.7,9.9,7.8,9,6.4,10.5,7.8,7.9,7.9,15.5
north,coffee,retail,vol,7.8,5.9,9.6,9.3,6.2,6.2,4.3,5.2,9.4,7.4,5.6,4.7,10.8,5.7,8.7,5.6,8.4,6.1,3.8,4.8,4.9,5.8,5.7,8.8,8.2,9,5.4,11.2,8.6,5.6,11.4,10.3,4.6,11.4,11,5.4,9.5,9.8,9.3,8.6,9.8,8.8
north,coffee,super,vol,3.3,7.7,4.4,5,5,9.4,4.4,4.8,7.1,5.3,6.9,6.8,9,7.2,10.5,8.3,4.6,7.3,4.8,5.2,4.6,9.8,5.1,11.4,6.1,11.4,8.6,8.3,10.8,9.7,7.4,9.3,9.5,13.7,4.8,11.6,13.6,5.2,6.7,8.9,12.7,8.5
north,milk,horeca,vol,8.8,4.1,5.6,7.1,8.2,8.1,6.2,9.6,9.7,5.7,4,10.1,8.2,4.5,8,7.5,6.6,11.8,8.3,5.7,7.7,5.5,5.1,7.9,9.1,6.3,9.8,8.6,12.5,9.2,6.4,8.3,7.9,7.2,13.5,11.6,7.3,6.6,9.2,8.3,11.3,8.8
north,milk,hyper,vol,3.8,5.5,4.1,6.2,5.8,3.9,4.8,5.6,6.9,5.1,4.2,4.1,9.2,7.9,7.6,5.7,9.2,4,10.5,5.7,6.9,9.1,10.5,4.4,9.8,11.6,10.2,9.4,8.3,5.3,12.2,10.9,5,9.1,7.5,5.9,10.8,11,5,7.7,5.5,7.7
north,milk,online,vol,8.7,7.9,6.5,5.1,5.1,4.5,5.9,9,5.9,8.2,9.2,4.2,7.1,5.2,6.7,10.3,7.8,9.5,8.5,4.2,5,4.6,4.2,5.2,6.7,5.2,8,5.7,7.5,12.2,9.7,6.4,10.3,7.8,10.8,12.7,6.6,11.8,6.3,7.6,7.4,8.8
north,milk,retail,vol,6,6.5,4.6,8,9,8.3,4.7,3.5,6.5,8.1,8.1,10.1,4.9,4.5,5.3,5.2,6,4.8,4.1,5.4,7.5,5.1,7.9,9.8,6.3,8.2,8.7,8.5,6,8.3,10.3,10.8,8.7,12,8,7.4,11.8,10.1,5.7,10.5,11.5,5.6
north,milk,super,vol,3.4,6.7,7.9,8.1,9.3,6.1,5.1,8.4,6.7,6.1,10.1,5.1,7.2,8.3,7.8,5.2,8.7,8.4,6.4,6.8,4.7,8.6,9.2,7.2,5.1,5.1,9,8.2,7.2,6.3,7.1,10.9,8.5,9,7.4,4.9,7.6,8.7,7.8,12.3,5.8,6.7
north,soda,horeca,vol,4.3,5.2,5.9,9.5,5.9,4.7,6.4,9,8.5,6.8,8.7,8.2,4.9,7.1,8.1,6.5,8.7,5.8,6.9,6.6,7,8.2,10.6,4.6,7.1,7.7,11.9,5.4,9.7,7.9,4.6,5.4,10.1,10.4,8.9,6.1,7.6,10,14.6,9.4,9.2,11.2
north,soda,hyper,vol,6.1,6.9,6.7,7.6,7.4,7.6,5.6,5.1,6.6,4.1,7.5,4.8,7.9,10,7.4,8.4,10.2,9.9,9.1,7.5,8.5,6.2,9.8,8.3,5.7,9.5,12.4,7.3,6.6,6.4,4.3,7.2,5.6,9.6,10.9,9.1,7.4,9.4,13.5,10.7,4.5,5.7
north,soda,online,vol,7.5,8.7,7.5,6.2,6.3,6.9,4.8,7,5.3,5.8,3.8,6,6.7,5,6.7,7.2,9,8,6.6,7.2,8.4,11.9,10.6,10.6,5.7,9.6,8.4,5.1,8.9,5.6,10.5,5.9,9.1,4.9,5.6,12,12.1,6.2,7.2,7.2,10.6,6.5
north,soda,retail,vol,7.1,7.7,9.2,6.2,5.8,7.3,8.2,4.5,7.8,7.4,5.2,8.6,4.1,7,7.3,4.8,5.2,6.3,7.5,7.2,10.7,8,8.3,6.2,5.7,7.8,10.7,7,10.4,8.2,5.2,8.9,8.8,4.4,9.6,6.2,5.5,6.7,12.6,9.7,6.5,9.5
north,soda,super,vol,6.8,5.5,7.8,4.1,8,7,4.3,4,6.7,8.1,6.2,4.3,6.4,7.8,7.9,9,5.3,7.8,5.3,5.9,7.1,7,7,8.5,4.5,8.3,5,11.8,9.3,7.2,6.8,9.8,6.7,6.9,7,5.3,6.6,5.7,7.4,12.2,11.4,6.4
north,tea,horeca,vol,5.8,8.1,5.8,5.1,7.1,7,5,7.1,3.5,8.1,5.1,4,7.5,9.3,10.7,9,7,6.6,7.5,5.9,4.9,9,8.7,8,11.7,7.8,4.7,9.1,7.1,6.4,5.4,5.5,5.2,12.1,8,9.6,13.5,5.4,7.3,8.5,8.4,6.9
north,tea,hyper,vol,4.6,7.9,8,3.8,7.3,8.5,3.8,6.2,10,6.4,5.7,7.6,8.9,10.8,7.9,7.9,8,8.3,5.7,3.7,4.9,6.2,9,9.8,8.2,9.4,9.9,9.4,5.5,10.6,7.7,9.3,6.6,6.1,10.2,14.2,10.2,8.7,8,5.3,8,8.6
north,tea,online,vol,6.4,3.8,4.1,9,5.4,6.3,7.6,9.3,7.3,8.5,5.9,5.9,9.7,4.5,10.8,4.6,5.2,4.9,7.8,9.7,4.3,4.2,10,4.4,6.7,6.5,9.9,5.8,7.5,6.7,6.8,7.4,7,11.3,6.3,7.2,10,11.2,8.4,6.8,7.4,12
north,tea,retail,vol,4.3,5.5,4.4,9.5,4.1,5.9,6.9,7.1,10.3,6.2,6.7,5.8,10.2,5.9,4.7,5,8.6,4.5,7.4,7.4,8.3,9.4,10.3,9.3,5.5,10.1,7.9,4.7,11,5.9,8.1,7,11.8,6.5,12.1,6.7,6,5.7,8.8,7.9,4.8,9.8
north,tea,super,vol,4.7,9.4,7.3,7.1,7.9,4.9,8.1,4.1,3.4,5.2,5,4.1,6.7,10,7.9,5.1,7.2,5.3,8.3,10.2,5.2,4.8,4.5,7.4,9.5,7.9,8.4,12,9.9,7,6.9,6.1,9,4.7,8.1,5.5,10.9,11.7,8.6,13.1,5.7,6.8
north,water,horeca,vol,4.1,5.5,4.7,6.9,4.5,7.4,9.4,6.4,6.2,7.3,6.2,5.1,4.9,8.4,7,10.6,5.1,5.9,5.6,6.1,7.7,4.7,7.2,9.1,12.3,5.6,10.6,6.8,6.9,9.1,6.7,10.1,5.4,9.8,7.9,4.7,6.6,10,11.5,6.3,6.4,10.8
north,water,hyper,vol,8.9,7.8,6.1,5,6.2,7,4.1,8.2,7.2,8.2,4.9,7.1,8.8,9.1,6.2,8.4,8.7,4.7,4.6,9.6,5.5,10.6,7.8,5.5,7.6,5.3,9.3,8.4,9.2,6.1,7.8,5.9,12.1,8.2,9.1,9.9,8.6,10.1,8.7,9.9,10.4,7.8
north,water,online,vol,4.7,4.4,3.5,9.2,4.8,4.1,5.9,3.7,4.2,6.4,4.4,9,6.3,4.9,9.9,10.3,6,10.6,6.3,7.9,8.4,4.6,8.8,5.4,5.5,5.1,10.8,7,9.4,6.8,8.2,10.6,8.2,9.9,9.7,6.9,4.3,6.8,4.8,6.5,4.9,6.7
north,water,retail,vol,4.1,7.1,6.2,8.1,5,6.2,5,4.9,5.1,3.9,6.2,5.2,5.5,9,6.8,7.3,6.2,8.4,7.3,7.9,8.2,8.6,10.7,8.8,5.2,7.8,6.5,7.1,8.1,9.1,6.9,9.2,6.9,9.7,6.3,11.7,8.3,10.4,10.8,10.1,7.3,5.5
north,water,super,vol,5.6,6.8,7.9,9,7.2,5.9,7,6.3,4.2,5.2,5.7,4.6,4.8,6.1,4.9,8.8,4.1,9.5,8.1,7.8,9,4.5,5.3,8.4,8.5,6.9,9.6,6.2,9.6,10.7,10,5,8.7,8.1,10.4,9.8,11.9,8.7,7.7,5.7,11.6,7.5
offshore,beer,horeca,vol,6.9,3.5,4.8,6.4,5.9,4.8,7.6,7.5,7.3,8,8,7.2,6.4,5.5,5,6.6,9.9,7.3,9.8,9.4,8.7,6,6.1,5.4,5,6.5,6,7.7,5.7,10.2,8.2,5.3,11,12.9,9.2,13.9,9.8,8.3,10,7.2,5.5,4.9
offshore,beer,hyper,vol,5.8,6.5,9.1,6,3.7,4.9,8,7.9,9.6,10.4,6.6,8.4,10.8,7.5,6.2,9,7.6,11,8.3,8.4,8.2,10.6,5.4,9.5,9.9,6.8,7.8,7.9,7.2,6.6,5.2,9.8,6.1,5.8,8.4,10.1,6.7,7.2,8.3,13.1,10.2,8.8
offshore,beer,online,vol,4.7,8.3,5,7.4,4.7,7.7,7.1,5.2,8.5,6.8,6.8,6.4,4.4,6.6,9.3,8.5,10.8,6.9,9.3,7.9,8.5,5.8,5,8.1,7.4,9.1,11.8,8.8,6.3,6.7,6.9,6.8,10.5,7,10.2,5.6,8.5,7.2,13.1,9.1,14.1,10.5
offshore,beer,retail,vol,8.9,8.1,5.1,9.1,4.2,5.7,4.4,6.5,5.4,6.7,8.8,5,8.9,5.8,7.6,7.6,5.7,8.8,8.8,4.6,8.4,11,4.6,5.4,9.9,6.1,9.9,9.9,9.5,9.7,4.9,7.4,8.6,10,11.8,7.7,9.3,7.2,9.5,12.7,7.1,5
offshore,beer,super,vol,8.6,7.6,4.9,7.4,5.9,7.7,8,8.9,7.1,7.4,8.2,4.9,5.2,7.5,9.9,4.4,5.9,8.6,6.6,8,9.9,6.5,5.1,11.4,8.6,4.4,9.4,8.3,7.7,5,11.5,10.7,9.3,7.9,8,7.9,7,5.7,6.9,12.7,9.9,11.3
offshore,coffee,horeca,vol,7.3,8.2,6.7,4.2,4.8,7.1,6.1,4.2,6.6,9.3,7.5,3.7,5.7,8.8,8.5,7.6,8.3,7.1,5,9.8,5.4,6.7,8.7,4.2,8.4,5.8,5.8,9.5,8.3,6.4,8.5,9.1,6.8,10.7,10.6,10.2,11.2,9.3,10.5,9.8,5.5,9.9
offshore,coffee,hyper,vol,4.1,8,3.8,4.4,8.3,7.1,4,9.1,6.8,3.7,7.6,7.1,8.2,5.9,9.6,7.2,9.6,9.8,6,4.5,7.9,8,9.9,9.5,6.8,7.7,8,5.6,9.3,10,9.4,9.5,4.6,7.3,10.3,5.6,8.7,12.3,9.6,8.1,11.8,14.9
offshore,coffee,online,vol,8.4,4.2,4,5.6,5.9,6,6.1,4.8,8.1,7.5,7.5,6.4,4.9,6.7,6.3,8,8.7,11.1,9.2,8.9,5.4,5.2,5.7,10.4,11.2,8.9,7.5,7.4,11.4,9.6,10.1,6.7,10.8,12.1,6.7,9.6,7.3,5.6,10,6.9,9,8
offshore,coffee,retail,vol,7,8,4.2,9.1,5.4,8.8,4,7,5.3,7,7.9,7.7,6.4,8.9,7.7,4.1,4.8,7.6,3.7,8.5,7.8,5.4,5.7,8.2,5.6,8.1,6.9,4.4,9,9.1,7.9,6.2,5.7,10.1,4.6,5.5,4.9,9.1,10.6,9.2,12.4,7.6
offshore,coffee,super,vol,4.1,4.3,4.9,3.6,5.6,7.2,7.8,6.1,5.8,10.4,7.2,4.4,6.2,4.3,8.3,7.8,4.1,6.6,8.8,5.5,5.6,11.1,5.2,8,6.1,11.4,4.8,13,6.9,10.3,8.3,10.2,6.1,7.1,6.6,8,5.4,10.9,8.5,6.3,8.8,7.8
offshore,milk,horeca,vol,6.6,7.9,6.7,7,4.8,6.4,5.5,6.1,7.6,8.2,8.8,9.1,4.8,7.9,9.8,10.1,5.1,6.1,9.6,6.6,9.6,6.8,6.5,7.5,9.5,7.6,11.2,9,6.1,12.5,8.1,11.4,5,6,6.5,6.1,10.9,9.1,8,7.2,8.1,13.5
offshore,milk,hyper,vol,4.1,6.5,4.6,7.7,4.7,8.4,6.4,9.2,5.4,4.5,5,9.7,7.1,7.3,8.3,5.8,5.5,6.1,5,9.2,7.5,8.6,11.8,7.4,7.5,10.4,6.8,10.2,8.2,11.3,4.9,5,7.8,5.9,11.6,6.7,7.9,13.6,13.6,8.2,5.5,7.4
offshore,milk,online,vol,4.4,8.2,6.9,5,4.4,7.5,4.7,5.8,7.4,5.8,5.5,7.7,6.5,8.5,9,11.1,4.9,8.6,8.5,6.9,10.3,5.4,4.3,7.1,9.2,6.4,6.2,8.2,5,9.6,7.5,12.1,10,5.2,11.5,11.1,6,12,10.1,12.8,13.1,12.6
offshore,milk,retail,vol,4.3,4.2,5.8,7.8,8.6,6.3,5.9,5,4.8,8.2,6.7,4.4,6.3,7.3,5,7.4,9.4,5.2,5,8.1,11.8,5.4,8.5,8.9,10.2,9.9,7.8,7.7,7.6,9.8,6.2,10.3,8,5.6,9.3,7.1,8,12.9,10.9,7.9,7.7,8.6
offshore,milk,super,vol,7.6,8.8,5.2,3.7,7,7.8,7,6.5,8.4,4.2,8.1,8.1,6,5,5.8,5.7,10.6,6.5,6.3,10.4,9.5,8.5,5,6.5,5.3,8,9.7,11,6.1,8.1,9.8,7.5,6.7,4.8,8.8,10,6.6,8.7,9.1,12.2,10.6,11.9
offshore,soda,horeca,vol,4.4,8.6,7.7,6,4.7,7.3,6,7.3,7.9,4.1,10.5,4.8,7.2,7.8,7,6.8,6.2,4.4,8.6,10.2,8.6,8.8,4.9,6.1,8.8,7.5,9.7,10.4,5.2,5.5,12.1,10.4,7.2,6.1,10.3,11,10,5.6,9.4,9.1,8.8,9.9
offshore,soda,hyper,vol,7.2,5.5,5.1,6.2,8.6,4,5.3,9,7,5.8,7.1,8.2,5,7.4,7.2,8.9,5.7,10.5,6.3,4.8,8.9,7.3,11.5,7.5,6.7,10.5,8.5,9.6,5.4,9.8,11.2,8.4,6.5,10.7,12.5,6.1,6.3,5.6,7.6,8.4,6.9,6.9
offshore,soda,online,vol,7.6,8.5,6.7,8.5,4.1,7.6,4,5.1,6.8,6.8,4.2,7.1,3.8,5,9.2,9.2,5.7,4.6,8.6,6,5.9,4.8,6.4,8.7,4.4,8.9,8.8,7.6,6.3,12.1,8.1,8.8,8.5,8,10.1,8,7.5,9.6,6.7,9.6,5.1,8.5
offshore,soda,retail,vol,8,5.8,4.7,6.2,9.6,6.1,8.1,9.1,8,6,5.7,7.8,9.7,5.3,8.7,7.5,10.9,7.7,8.6,6.7,7.1,9,7.6,10.2,7.3,10,8.5,9.1,6.5,6.8,10.6,11.1,5.9,5.4,4.9,7.5,5.1,8.7,14.1,9.9,10,7
offshore,soda,super,vol,9,9.5,5.5,7,7.3,6.3,6.4,6.2,4.3,8.8,9.2,5.9,6.3,6.1,6.1,10.1,8.7,6.6,5.6,7.9,5.9,7,5.5,5.3,11.7,7.7,8.1,10.9,9,7.4,10.4,6.1,10.3,5.4,9.7,7,10.1,10.9,12,12,11.3,6.7
offshore,tea,horeca,vol,9,4.8,5.1,6,8.3,7.8,7.5,8.5,6.2,8.4,3.6,8.5,7.8,6.7,7.3,9.6,6.7,5.5,9,5.5,7.3,10.1,5.6,6.2,8.7,5.3,9,5.9,4.9,7.6,9,5.8,10.1,9.5,9.3,10,11.9,8.6,7.6,8.5,10.5,7.5
offshore,tea,hyper,vol,5.4,7.7,5.7,7.9,7.7,7.8,6.6,8.4,10.3,6.3,5,4.8,3.9,8.4,6,9.6,5.5,4.3,7.2,6.3,9.5,6.2,4.1,10,9.4,9,10.8,8.3,8.4,10,8.7,10.3,7,7.5,9.5,11.6,8,9.8,7.4,5.5,11.4,6.4
offshore,tea,online,vol,5.2,8.7,6.5,6.3,9.6,6.3,5.6,5.5,3.6,7.7,10,7.9,8,7.2,10.5,5.4,7.7,9.8,7.7,7.7,9.6,7.9,5.3,5.8,9.8,7.5,11.3,5.1,9.9,6.5,9.3,9.2,10.5,8.8,6,9.6,8.2,9.1,7.9,6,6.9,9.3
offshore,tea,retail,vol,7.9,8.4,8.5,4.4,7.3,8.5,5.6,4,7.1,7.4,7.2,9,9.6,5.1,9.8,8.8,6.2,7.2,8.7,6.1,10.1,8.1,7.1,8.3,9.4,5.1,7.6,8.6,11.3,5.7,4.9,9.7,10.6,5.6,5.8,8,8.6,9.1,9.4,7.7,5.5,8.8
offshore,tea,super,vol,5.3,4.1,5.3,6.9,6.6,7,4.2,4,6.5,7.8,7.1,9.3,5.9,10.8,5.8,8.7,3.8,5.9,6.8,6.4,6.2,7.1,8.3,5.1,6.4,9.1,9.8,7.3,4.8,4.7,8.4,12.8,8,8.7,10,12.5,8.4,6.9,12.3,8.2,10.4,8.8
offshore,water,horeca,vol,5.5,5.5,6.4,8.3,8.1,4,8.9,7,6.1,5.6,5.6,7.4,7.5,6,7.8,8.1,9.4,4.9,10.7,4.8,6.6,5.3,4.9,7.5,8.2,5,8.8,7.7,5.2,5.6,9.4,8.6,9.4,9.1,12.5,4.8,8,12,11.3,13.7,6.4,9.9
offshore,water,hyper,vol,6.9,6.9,4.7,4.4,9.1,8.1,8.1,5,5.3,5.1,3.7,5.2,5.3,6.3,9.7,3.9,5.6,5.8,5.3,8.9,5.8,6.6,9.1,8.4,9.3,7.7,10.6,8.9,4.9,7.4,12.8,5.1,10.2,9.8,8.6,8.9,9.3,6.8,4.9,6.6,8.4,5.8
offshore,water,online,vol,4.4,4.9,5.8,9.3,5.3,4.2,4.9,4.4,8,5.5,5.4,10.2,6.6,5.9,9.6,9.7,7.7,8.2,6.3,4.2,11.1,7.1,10.2,7.4,5.9,10.9,7.5,4.8,5.6,6.2,11.6,12.5,11,7.7,7.7,6.2,12,6,12,8.4,7.3,8.1
offshore,water,retail,vol,4.6,6.3,6.5,6.2,5.9,7,7.8,5.1,8.6,4.6,4.7,3.8,7.6,6.2,8,7.1,8.6,6.9,7,5.7,6.4,7.2,7.6,9.6,7.7,4.7,5.1,7,9.5,8.3,12.6,10,13,6.9,8.3,6.6,7.5,6.7,7.2,11.7,15.5,6.5
offshore,water,super,vol,7.9,3.4,7.2,3.9,4.4,9,7.1,4.7,6.6,7.7,4.5,4.7,6.6,4.6,10.2,8.2,9.8,4.1,8.2,7.9,5,8.8,6.8,7.4,10.8,7.9,5.9,8.6,6.7,11.6,8,5.3,4.8,7.3,11.7,9.6,9,8.2,11.4,9,6.1,10.9
south,beer,horeca,vol,8,6.4,8,7.7,7.7,6.9,7.1,4.5,10.1,6.9,6.2,5.8,5.5,6.1,8.2,6.8,7.4,6.2,5.6,4.9,8.9,6,4.6,6.5,6.8,11.8,5.5,7.2,9.3,11.7,6.8,6.1,9.8,8,7.2,9.9,8.3,7.4,5.2,11,7.8,9.2
south,beer,hyper,vol,6.2,6.8,6,4.4,6.5,4.5,6.6,9.7,6.2,9,4,8.2,7.4,3.8,6.5,6,6.2,4.9,11,6.8,10.2,9.3,5.7,8.6,8.3,5.3,6.7,10.8,9.2,12.9,10.6,8.7,6.4,8.4,10.2,7.8,6.9,5.5,11.3,5.4,6.4,5.1
south,beer,online,vol,3.4,7.5,3.4,4.1,9,4.6,4.9,4.7,8,4,8.5,4.2,8.5,7.8,10.4,7.5,6.6,8.7,7.6,7.1,7.6,7.1,8.7,8.5,5.3,5.1,6.2,8.9,6.8,4.8,9.3,8.5,11.3,6.3,9.4,12.7,6.2,8.3,10,9.9,6.3,9.4
south,beer,retail,vol,4.1,5.9,7.6,6.6,6.7,4.1,6.2,4.2,7.1,5.9,8,6.2,5.4,6,10.5,8.5,7.6,4.4,8.8,6.6,6.4,4.9,8,9.3,9.9,9.4,5.5,7,9,5.1,8.9,8.2,7.6,10.3,7.4,11.1,7.2,8.3,11.8,10.1,5.3,11.6
south,beer,super,vol,8.1,7.5,7.6,4.4,4.8,9,8.5,4.6,4.9,7.2,6.9,7.5,4.3,7.1,9.1,4.1,5,9.4,4.8,5.5,10.5,9,11.7,7.5,9,7.5,9,5.3,10.9,9.1,11.8,7.5,6.8,11.3,10.6,9.1,10.5,13.7,7.6,13.3,9.4,9.9
south,coffee,horeca,vol,4.2,3.6,4.9,4.6,9,5.7,5.5,5.5,4.5,5.3,5.2,8.4,4.7,10.6,4.7,5.1,5.2,5.4,6.6,10.2,8.8,5.3,9.2,7.5,9,8.8,9,8.2,5.8,8,6,6.8,8.4,6.8,11.1,8.9,13.4,5,8.4,6.1,8.8,10
south,coffee,hyper,vol,6.3,5.1,7.9,9.5,4.5,7.9,8.9,7.5,6.2,4.1,10.5,7.8,5.7,8.1,7.9,11.3,9.6,5.4,7.9,8.1,7.9,9.9,10.7,8.4,7.3,5.2,8.7,11.1,6.3,7.9,7.8,4.7,5.2,4.5,7.7,8.2,9.5,7.3,10.5,11.2,7.2,8.2
south,coffee,online,vol,4.3,8.6,7,4.6,6.8,6.2,6.3,6.4,8.5,8,8.3,4.5,5.7,6,6.1,5.4,8.4,6.8,5.5,6.8,6.1,4.9,6.5,6.7,6.5,7.5,10.1,4.7,9.6,9.6,10.6,11.1,11.6,8.2,9,9.9,11.6,11.9,11.2,9.5,7.2,12.1
south,coffee,retail,vol,5.2,8.2,5.1,4,7.2,5,7.2,4.3,5.9,5.1,6.5,9.7,8.2,4.8,4.8,6.4,5.4,6.1,5.3,6.1,8,8.5,9,11.3,11.5,6.9,8.2,9.9,9.1,10.7,10.4,4.9,11.5,6.1,8.9,9.3,9.6,7.6,6,7.4,11.1,13.2
south,coffee,super,vol,6.5,6.3,7.3,7.4,8.9,6.5,5,7.3,7.1,5.2,8.2,9.5,6.1,9,6.1,5.6,5.4,7.3,9.5,4.8,5.2,6.9,8.9,11.2,9.4,7.5,5.4,4.8,7.8,6.1,7,9.9,7.1,5.5,5.1,9.5,9.5,7.3,11.5,6.8,12.3,6.6
south,milk,horeca,vol,5.3,7.3,8,5.7,7.4,7.3,8.1,7.7,9.2,7,8.9,8.2,6.8,6.3,5.9,7,10.6,7.9,10.4,8.7,8.9,6.1,8.5,8,8.4,8.2,11.2,10.6,8.7,8.3,6,7.9,7,9.5,8.6,13.5,6.8,10.1,11.6,6.9,13.3,8.1
south,milk,hyper,vol,9.1,6.1,7.6,3.7,7.5,6.7,5.4,7.3,5,8.4,7.6,6.3,7.3,8.1,7.9,8,8.5,6.7,8.3,7,6.2,5.6,7.6,6.8,9,4.1,6.2,10.3,4.9,4.3,6.5,7.9,6.8,11,9.4,10,6.2,7.3,6.4,11,9.6,7.3
south,milk,online,vol,4.5,4.7,6.8,5.2,5.2,7.5,3.7,6.9,5.9,9.4,4,5,8,5.2,4.9,7.8,6.9,9.7,10.4,10.7,6.1,12,5,8.9,9.3,8.1,6.7,10.2,10.1,7.3,9.9,6.3,7.7,10.5,6.2,7.7,5,7.1,6.9,5.9,9,10.2
south,milk,retail,vol,6.6,4.7,4.2,8.6,7,7.3,4.5,8.3,8.7,6.2,6.9,4.2,8.5,4.2,6.1,6.5,6.9,8.7,7.8,10.9,6.7,11.3,11.9,9.5,6.6,6.9,9.6,10.8,4.5,6.8,8.6,11.9,10.1,6.2,11.1,7.4,4.6,5.3,7.7,9.9,8.5,11.8
south,milk,super,vol,4.2,6.3,4.1,8,8.9,4.2,8.4,5.1,10.4,4.9,6.9,8,4.7,6,7.9,4.4,11.1,6.6,4.6,10.5,6.6,9.6,6.5,9.1,9.4,7.8,9.6,10.4,6.7,10.5,7.4,6.3,9.3,9.4,6.5,9.1,7.6,6.9,5.1,12.2,10.3,8.5
south,soda,horeca,vol,6.7,4.9,3.9,7.2,3.6,8.6,4.5,6.7,5.9,9.2,8.1,6.3,5.9,6.1,6.9,5.6,6.7,7.5,7.2,6.9,7,5.1,7,7.6,8.3,6,10,9.5,9.4,7.2,8.6,4.9,7.7,7.8,7.9,6.2,8.2,10.9,11.1,4.6,12.9,12.8
south,soda,hyper,vol,7.6,6.2,5.4,7.9,7.6,8,7.8,7.8,8.3,6.2,7.7,5.9,6,9.4,5.6,6.6,7.4,5.2,6.4,7.7,8.5,9.3,9.2,8,4.8,9,8.3,6.1,10.6,8.8,7.7,6.4,5.4,6.3,12.2,7,9.4,8.2,11.2,6.5,8.5,9.4
south,soda,online,vol,4.8,3.9,7.3,4.4,7.6,6.4,5.5,5.7,8.4,6.6,3.9,4.2,9.8,8.9,4.3,4.9,10.5,9.1,4.3,7.1,5.3,10.8,4.8,9.7,10.3,6,10.9,8.8,4.2,9.4,10.2,5.3,5.7,8.4,9.2,12.3,5.3,8.1,9.9,9.8,7.1,8.9
south,soda,retail,vol,6.5,8.7,6.4,6.3,4.5,4,6.1,9.9,5.7,6.6,7.8,8.2,5.8,6.6,5.4,4.7,7.7,8.9,5.8,6.8,6.8,8.5,6.2,11,6,10.5,4.8,6.3,6,6.5,5.9,7.1,8.9,6.4,10.7,5.4,9.7,7.6,6.1,11.9,12.5,8.3
south,soda,super,vol,9,4.1,9.6,4.1,4,7.9,8.7,5.2,9.5,8.2,8.6,8.1,5.8,5.6,8.3,5.2,5,7,9.5,8.6,6.1,7.1,6.3,9.4,10.7,7.2,12.3,6,5.8,11.1,6.3,11.8,13.1,8.9,5.2,5.4,10.4,10,7,7.6,11.2,6.4
south,tea,horeca,vol,5,5.7,7.4,7.9,8.2,5.8,4.3,6.6,8.3,6.9,3.6,7.9,8.7,8.8,9.1,4.6,5.8,5.6,7.4,5,11.3,7.9,5,10.7,9.6,5.7,5,8.7,6.2,10.4,6.2,7.2,7.6,9.5,7.8,9.4,10.2,6.5,12.2,10.9,7.6,7.5
south,tea,hyper,vol,4.9,8.3,6.6,7,8.1,6.8,5.4,8.2,3.5,7.6,5.5,7.6,8.1,10.1,5.7,5.9,4.7,5.9,10.3,6.4,6.5,7.5,7.9,8.5,10.5,5.5,8.7,7.6,10.3,8.7,9.9,5.7,5.3,7.8,10.3,9,8.8,5.4,7.4,8.5,11.1,6.2
south,tea,online,vol,4.7,4.6,5.6,7.3,7.8,8.4,9.1,5.7,7.2,7.8,9.4,10.1,7.8,5.3,6.5,10.4,7.6,7.4,4.9,8.4,8,4.7,10.1,4.8,8.3,9.5,9.7,8.1,7.6,7.8,9.7,9.8,12.7,4.9,8.3,6.1,11.1,5.4,5.2,8,10.3,10.2
south,tea,retail,vol,7.6,5.6,9.1,9.8,6.5,4.8,5.8,5.4,4.5,5.6,5.1,5.3,4.6,7.6,5.1,8.5,6.7,9.1,8.2,6.6,6,7.8,5,5.6,4.3,9.5,9,10.5,11,10,6.1,12.4,11.1,5.2,8.1,12.8,9.4,8.8,10.4,9.9,7.8,11.3
south,tea,super,vol,7.4,5.1,5.8,6.7,5.5,5.6,6.8,6,7.7,5,7.2,4.4,7,5.4,8.1,4.7,5.3,8.1,7.9,8,9.3,10.7,6.9,9.3,4.9,7.1,9.8,8.5,8.5,8.1,10.9,7.3,12.3,8.6,5.6,7.4,8.6,7.1,7,12.1,8.9,10.8
south,water,horeca,vol,5.9,4.7,6.8,6.5,8.6,5.9,5.5,6.1,6.8,6.2,5,6,6.3,8.1,6.4,8,9.8,8.7,8.4,6.9,6.4,5.2,9,6.7,9.7,8.2,10.4,4.8,7,9.5,7.3,9.4,7.5,7.3,12.3,5.7,9.8,11.3,5.9,11.3,5.6,7.9
south,water,hyper,vol,7.8,6.6,5.4,5.1,4.8,6.4,5.8,4.7,4.7,8.8,8.1,6.8,6.3,7.1,7.3,8,5.2,6.7,9.6,6.5,7,10,7.6,9.7,6.2,6.5,6.7,10.8,7.3,4.3,7.6,6.2,6.5,7.9,11.2,7.9,7.6,5.8,11.7,11.4,12.2,10.3
south,water,online,vol,4.5,6.2,7.5,4,6.3,6.9,9.4,7.8,5,8.8,7.8,6.9,7.9,8,8.1,4.2,5.6,8.3,5.7,11,6.1,7.6,10.2,8,7.7,7,6.8,5.7,11.5,6,4.2,5.2,10.5,6.4,10.2,6.4,10.7,14.4,9.4,7.3,14.2,6.5
south,water,retail,vol,8.1,7.5,7.3,5.3,8.4,5.5,8.5,8.4,6.1,8.1,8.3,7.5,9,5.4,9.7,4.7,8.6,4.7,8.2,8.3,5,7.2,10.4,5.9,6.1,9.4,6.2,9.2,6.3,5.2,6.4,4.6,13.6,9.1,8.1,5.6,7.9,7,11.9,12.1,6.9,6
south,water,super,vol,4,5.1,5.4,7.2,5.2,5.6,5.7,6.8,7.3,7.1,7.1,6.5,4.4,8.6,8.5,9.5,7.7,7.9,7.8,7.4,7.7,7.8,7.1,6.8,9,4.9,9.3,8.6,6.3,6.6,9.6,8.7,8.8,5.1,10.7,13,6.6,6.8,8.2,10.2,8.2,8.6
